!sensor/instr/sat      chan iuse  error  error_cld  ermax   var_b    var_pg  icld_det icloud iaerosol
 atms_npp                1   1    4.500   20.000    4.500   10.000    0.000     -2     -1     -1
 atms_npp                2   1    4.500   25.000    4.500   10.000    0.000     -2     -1     -1
 atms_npp                3   1    4.500   12.000    3.000   10.000    0.000     -2     -1     -1
 atms_npp                4   1    2.500    7.000    3.000   10.000    0.000     -2     -1     -1
 atms_npp                5   1    0.550    3.500    1.000   10.000    0.000     -2     -1     -1
 atms_npp                6   1    0.300    3.000    1.000   10.000    0.000     -2     -1     -1
 atms_npp                7   1    0.300    0.800    1.000   10.000    0.000     -2     -1     -1
 atms_npp                8   1    0.400    0.400    1.000   10.000    0.000     -2     -1     -1
 atms_npp                9   1    0.400    0.400    1.000   10.000    0.000     -2     -1     -1
 atms_npp               10   1    0.400    0.400    1.000   10.000    0.000     -2     -1     -1
 atms_npp               11   1    0.450    0.450    1.000   10.000    0.000     -2     -1     -1
 atms_npp               12   1    0.450    0.450    1.000   10.000    0.000     -2     -1     -1
 atms_npp               13  -1    0.550    0.550    1.000   10.000    0.000     -2     -1     -1
 atms_npp               14  -1    0.800    0.800    2.000   10.000    0.000     -2     -1     -1
 atms_npp               15  -1    3.000    3.000    4.500   10.000    0.000     -2     -1     -1
 atms_npp               16   1    4.000   19.000    4.500   10.000    0.000     -2     -1     -1
 atms_npp               17   1    4.000   30.000    2.000   10.000    0.000     -2     -1     -1
 atms_npp               18   1    3.500   25.000    2.000   10.000    0.000     -2     -1     -1
 atms_npp               19   1    3.000   16.500    2.000   10.000    0.000     -2     -1     -1
 atms_npp               20   1    3.000   12.000    2.000   10.000    0.000     -2     -1     -1
 atms_npp               21   1    3.000    9.000    2.000   10.000    0.000     -2     -1     -1
 atms_npp               22   1    3.000    6.500    2.000   10.000    0.000     -2     -1     -1
 atms_n20                1   1    4.500   20.000    4.500   10.000    0.000     -2      1     -1
 atms_n20                2   1    4.500   25.000    4.500   10.000    0.000     -2      1     -1
 atms_n20                3   1    4.500   12.000    3.000   10.000    0.000     -2      1     -1
 atms_n20                4   1    2.500    7.000    3.000   10.000    0.000     -2      1     -1
 atms_n20                5   1    0.550    3.500    1.000   10.000    0.000     -2      1     -1
 atms_n20                6   1    0.300    3.000    1.000   10.000    0.000     -2      1     -1
 atms_n20                7   1    0.300    0.800    1.000   10.000    0.000     -2      1     -1
 atms_n20                8   1    0.400    0.400    1.000   10.000    0.000     -2      1     -1
 atms_n20                9   1    0.400    0.400    1.000   10.000    0.000     -2      1     -1
 atms_n20               10   1    0.400    0.400    1.000   10.000    0.000     -2      1     -1
 atms_n20               11   1    0.450    0.450    1.000   10.000    0.000     -2      1     -1
 atms_n20               12   1    0.450    0.450    1.000   10.000    0.000     -2      1     -1
 atms_n20               13  -1    0.550    0.550    1.000   10.000    0.000     -2      1     -1
 atms_n20               14  -1    0.800    0.800    2.000   10.000    0.000     -2      1     -1
 atms_n20               15  -1    4.000    4.000    4.500   10.000    0.000     -2      1     -1
 atms_n20               16   1    4.000   19.000    4.500   10.000    0.000     -2      1     -1
 atms_n20               17   1    4.000   30.000    2.000   10.000    0.000     -2      1     -1
 atms_n20               18   1    3.500   25.000    2.000   10.000    0.000     -2      1     -1
 atms_n20               19   1    3.000   16.500    2.000   10.000    0.000     -2      1     -1
 atms_n20               20   1    3.000   12.000    2.000   10.000    0.000     -2      1     -1
 atms_n20               21   1    3.000    9.000    2.000   10.000    0.000     -2      1     -1
 atms_n20               22   1    3.000    6.500    2.000   10.000    0.000     -2      1     -1
 atms_n21                1   1    4.500   20.000    4.500   10.000    0.000     -2      1     -1
 atms_n21                2   1    4.500   25.000    4.500   10.000    0.000     -2      1     -1
 atms_n21                3   1    4.500   12.000    3.000   10.000    0.000     -2      1     -1
 atms_n21                4   1    2.500    7.000    3.000   10.000    0.000     -2      1     -1
 atms_n21                5   1    0.550    3.500    1.000   10.000    0.000     -2      1     -1
 atms_n21                6   1    0.300    3.000    1.000   10.000    0.000     -2      1     -1
 atms_n21                7   1    0.300    0.800    1.000   10.000    0.000     -2      1     -1
 atms_n21                8   1    0.400    0.400    1.000   10.000    0.000     -2      1     -1
 atms_n21                9   1    0.400    0.400    1.000   10.000    0.000     -2      1     -1
 atms_n21               10   1    0.400    0.400    1.000   10.000    0.000     -2      1     -1
 atms_n21               11   1    0.450    0.450    1.000   10.000    0.000     -2      1     -1
 atms_n21               12   1    0.450    0.450    1.000   10.000    0.000     -2      1     -1
 atms_n21               13   1    0.550    0.550    1.000   10.000    0.000     -2      1     -1
 atms_n21               14   1    0.800    0.800    2.000   10.000    0.000     -2      1     -1
 atms_n21               15   4    4.000    4.000    4.500   10.000    0.000     -2      1     -1
 atms_n21               16   1    4.000   19.000    4.500   10.000    0.000     -2      1     -1
 atms_n21               17   1    4.000   30.000    2.000   10.000    0.000     -2      1     -1
 atms_n21               18   1    3.500   25.000    2.000   10.000    0.000     -2      1     -1
 atms_n21               19   1    3.000   16.500    2.000   10.000    0.000     -2      1     -1
 atms_n21               20   1    3.000   12.000    2.000   10.000    0.000     -2      1     -1
 atms_n21               21   1    3.000    9.000    2.000   10.000    0.000     -2      1     -1
 atms_n21               22   1    3.000    6.500    2.000   10.000    0.000     -2      1     -1
 amsua_n18               1   1    2.500   20.000    4.500   10.000    0.000     -2     -1     -1
 amsua_n18               2   1    2.200   18.000    4.500   10.000    0.000     -2     -1     -1
 amsua_n18               3   1    2.000   12.000    4.500   10.000    0.000     -2     -1     -1
 amsua_n18               4   1    0.550    3.000    2.500   10.000    0.000     -2     -1     -1
 amsua_n18               5  -1    0.300    0.500    2.000   10.000    0.000     -2     -1     -1
 amsua_n18               6   1    0.230    0.300    2.000   10.000    0.000     -2     -1     -1
 amsua_n18               7   1    0.230    0.230    2.000   10.000    0.000     -2     -1     -1
 amsua_n18               8  -1    0.250    0.250    2.000   10.000    0.000     -2     -1     -1
 amsua_n18               9  -1    0.250    0.250    2.000   10.000    0.000     -2     -1     -1
 amsua_n18              10   1    0.350    0.350    2.000   10.000    0.000     -2     -1     -1
 amsua_n18              11   1    0.400    0.400    2.500   10.000    0.000     -2     -1     -1
 amsua_n18              12  -1    0.550    0.550    3.500   10.000    0.000     -2     -1     -1
 amsua_n18              13  -1    0.800    0.800    4.500   10.000    0.000     -2     -1     -1
 amsua_n18              14  -1    3.000    3.000    4.500   10.000    0.000     -2     -1     -1
 amsua_n18              15   1    3.500   18.000    4.500   10.000    0.000     -2     -1     -1
 amsua_n19               1   1    2.500   20.000    4.500   10.000    0.000     -2      1     -1
 amsua_n19               2   1    2.200   18.000    4.500   10.000    0.000     -2      1     -1
 amsua_n19               3   1    2.000   12.000    4.500   10.000    0.000     -2      1     -1
 amsua_n19               4   1    0.550    3.000    2.500   10.000    0.000     -2      1     -1
 amsua_n19               5   1    0.300    0.500    2.000   10.000    0.000     -2      1     -1
 amsua_n19               6   1    0.230    0.300    2.000   10.000    0.000     -2      1     -1
 amsua_n19               7  -1    0.230    0.230    2.000   10.000    0.000     -2      1     -1
 amsua_n19               8  -1    0.250    0.250    2.000   10.000    0.000     -2      1     -1
 amsua_n19               9   1    0.250    0.250    2.000   10.000    0.000     -2      1     -1
 amsua_n19              10   1    0.350    0.350    2.000   10.000    0.000     -2      1     -1
 amsua_n19              11   1    0.400    0.400    2.500   10.000    0.000     -2      1     -1
 amsua_n19              12  -1    0.550    0.550    3.500   10.000    0.000     -2      1     -1
 amsua_n19              13  -1    0.800    0.800    4.500   10.000    0.000     -2      1     -1
 amsua_n19              14  -1    3.000    3.000    4.500   10.000    0.000     -2      1     -1
 amsua_n19              15   1    3.500   18.000    4.500   10.000    0.000     -2      1     -1
 amsua_metop-b           1  -1    2.500   20.000    4.500   10.000    0.000     -2     -1     -1
 amsua_metop-b           2  -1    2.200   18.000    4.500   10.000    0.000     -2     -1     -1
 amsua_metop-b           3  -1    2.000   12.000    4.500   10.000    0.000     -2     -1     -1
 amsua_metop-b           4  -1    0.550    3.000    2.500   10.000    0.000     -2     -1     -1
 amsua_metop-b           5  -1    0.300    0.500    2.000   10.000    0.000     -2     -1     -1
 amsua_metop-b           6  -1    0.230    0.300    2.000   10.000    0.000     -2     -1     -1
 amsua_metop-b           7  -1    0.230    0.230    2.000   10.000    0.000     -2     -1     -1
 amsua_metop-b           8   1    0.250    0.250    2.000   10.000    0.000     -2     -1     -1
 amsua_metop-b           9   1    0.250    0.250    2.000   10.000    0.000     -2     -1     -1
 amsua_metop-b          10   1    0.350    0.350    2.000   10.000    0.000     -2     -1     -1
 amsua_metop-b          11   1    0.400    0.400    2.500   10.000    0.000     -2     -1     -1
 amsua_metop-b          12   1    0.550    0.550    3.500   10.000    0.000     -2     -1     -1
 amsua_metop-b          13  -1    0.800    0.800    4.500   10.000    0.000     -2     -1     -1
 amsua_metop-b          14  -1    3.000    3.000    4.500   10.000    0.000     -2     -1     -1
 amsua_metop-b          15  -1    3.500   18.000    4.500   10.000    0.000     -2     -1     -1
 iasi_metop-b           16   1    1.380    0.000    3.000   10.000    0.000      1     -1     -1
 iasi_metop-b           29  -1    0.810    0.000    2.000   10.000    0.000     -1     -1     -1
 iasi_metop-b           32  -1    0.750    0.000    2.000   10.000    0.000     -1     -1     -1
 iasi_metop-b           35  -1    0.790    0.000    2.000   10.000    0.000     -1     -1     -1
 iasi_metop-b           38   1    0.720    0.000    2.000   10.000    0.000      1     -1     -1
 iasi_metop-b           41  -1    0.740    0.000    2.000   10.000    0.000     -1     -1     -1
 iasi_metop-b           44  -1    0.680    0.000    2.000   10.000    0.000     -1     -1     -1
 iasi_metop-b           47  -1    0.720    0.000    2.000   10.000    0.000     -1     -1     -1
 iasi_metop-b           49   1    0.650    0.000    2.000   10.000    0.000      1     -1     -1
 iasi_metop-b           50  -1    0.650    0.000    2.000   10.000    0.000     -1     -1     -1
 iasi_metop-b           51   1    0.650    0.000    2.000   10.000    0.000      1     -1     -1
 iasi_metop-b           53  -1    0.690    0.000    2.000   10.000    0.000     -1     -1     -1
 iasi_metop-b           55   1    0.640    0.000    2.000   10.000    0.000      1     -1     -1
 iasi_metop-b           56  -1    0.640    0.000    2.000   10.000    0.000     -1     -1     -1
 iasi_metop-b           57   1    0.650    0.000    2.000   10.000    0.000      1     -1     -1
 iasi_metop-b           59   1    0.670    0.000    2.000   10.000    0.000      1     -1     -1
 iasi_metop-b           61   1    0.620    0.000    2.000   10.000    0.000      1     -1     -1
 iasi_metop-b           62  -1    0.610    0.000    2.000   10.000    0.000     -1     -1     -1
 iasi_metop-b           63   1    0.620    0.000    2.000   10.000    0.000      1     -1     -1
 iasi_metop-b           66   1    0.640    0.000    2.000   10.000    0.000      1     -1     -1
 iasi_metop-b           68  -1    0.590    0.000    2.000   10.000    0.000     -1     -1     -1
 iasi_metop-b           70   1    0.760    0.000    2.000   10.000    0.000      1     -1     -1
 iasi_metop-b           72   1    1.220    0.000    4.000   10.000    0.000      1     -1     -1
 iasi_metop-b           74   1    0.780    0.000    2.000   10.000    0.000      1     -1     -1
 iasi_metop-b           76  -1    0.640    0.000    2.000   10.000    0.000     -1     -1     -1
 iasi_metop-b           78  -1    0.620    0.000    2.000   10.000    0.000     -1     -1     -1
 iasi_metop-b           79   1    0.610    0.000    2.000   10.000    0.000      1     -1     -1
 iasi_metop-b           81   1    0.690    0.000    2.000   10.000    0.000      1     -1     -1
 iasi_metop-b           82  -1    0.650    0.000    2.000   10.000    0.000     -1     -1     -1
 iasi_metop-b           83   1    0.590    0.000    2.000   10.000    0.000      1     -1     -1
 iasi_metop-b           84  -1    0.610    0.000    2.000   10.000    0.000     -1     -1     -1
 iasi_metop-b           85   1    0.590    0.000    2.000   10.000    0.000      1     -1     -1
 iasi_metop-b           86  -1    0.680    0.000    2.000   10.000    0.000     -1     -1     -1
 iasi_metop-b           87   1    0.620    0.000    2.000   10.000    0.000      1     -1     -1
 iasi_metop-b           89  -1    0.680    0.000    2.000   10.000    0.000     -1     -1     -1
 iasi_metop-b           92  -1    4.380    0.000    2.000   10.000    0.000     -1     -1     -1
 iasi_metop-b           93  -1    3.050    0.000    2.000   10.000    0.000     -1     -1     -1
 iasi_metop-b           95  -1    2.310    0.000    2.000   10.000    0.000     -1     -1     -1
 iasi_metop-b           97  -1    1.560    0.000    4.000   10.000    0.000     -1     -1     -1
 iasi_metop-b           99  -1    1.330    0.000    4.000   10.000    0.000     -1     -1     -1
 iasi_metop-b          101  -1    1.580    0.000    3.500   10.000    0.000     -1     -1     -1
 iasi_metop-b          103  -1    0.930    0.000    2.500   10.000    0.000     -1     -1     -1
 iasi_metop-b          104   1    1.670    0.000    2.000   10.000    0.000      1     -1     -1
 iasi_metop-b          106   1    0.720    0.000    2.000   10.000    0.000      1     -1     -1
 iasi_metop-b          109   1    0.570    0.000    2.000   10.000    0.000      1     -1     -1
 iasi_metop-b          110  -1    0.580    0.000    2.000   10.000    0.000     -1     -1     -1
 iasi_metop-b          111   1    0.550    0.000    2.000   10.000    0.000      1     -1     -1
 iasi_metop-b          113   1    0.680    0.000    2.000   10.000    0.000      1     -1     -1
 iasi_metop-b          116   1    0.590    0.000    2.000   10.000    0.000      1     -1     -1
 iasi_metop-b          119   1    0.680    0.000    2.000   10.000    0.000      1     -1     -1
 iasi_metop-b          122   1    0.590    0.000    2.000   10.000    0.000      1     -1     -1
 iasi_metop-b          125   1    0.650    0.000    2.000   10.000    0.000      1     -1     -1
 iasi_metop-b          128   1    0.580    0.000    2.000   10.000    0.000      1     -1     -1
 iasi_metop-b          131   1    0.620    0.000    2.000   10.000    0.000      1     -1     -1
 iasi_metop-b          133   1    0.640    0.000    2.000   10.000    0.000      1     -1     -1
 iasi_metop-b          135   1    0.580    0.000    2.000   10.000    0.000      1     -1     -1
 iasi_metop-b          138   1    0.640    0.000    2.000   10.000    0.000      1     -1     -1
 iasi_metop-b          141   1    0.550    0.000    2.000   10.000    0.000      1     -1     -1
 iasi_metop-b          144   1    0.640    0.000    2.000   10.000    0.000      1     -1     -1
 iasi_metop-b          146   1    0.500    0.000    2.000   10.000    0.000      1     -1     -1
 iasi_metop-b          148   1    0.820    0.000    2.000   10.000    0.000      1     -1     -1
 iasi_metop-b          150  -1    0.590    0.000    2.000   10.000    0.000     -1     -1     -1
 iasi_metop-b          151   1    0.620    0.000    2.000   10.000    0.000      1     -1     -1
 iasi_metop-b          154   1    0.510    0.000    2.000   10.000    0.000      1     -1     -1
 iasi_metop-b          157   1    0.640    0.000    2.000   10.000    0.000      1     -1     -1
 iasi_metop-b          159   1    0.520    0.000    2.000   10.000    0.000      1     -1     -1
 iasi_metop-b          160  -1    0.510    0.000    2.000   10.000    0.000     -1     -1     -1
 iasi_metop-b          161   1    0.510    0.000    2.000   10.000    0.000      1     -1     -1
 iasi_metop-b          163   1    0.760    0.000    2.000   10.000    0.000      1     -1     -1
 iasi_metop-b          167   1    0.520    0.000    2.000   10.000    0.000      1     -1     -1
 iasi_metop-b          170   1    0.570    0.000    2.000   10.000    0.000      1     -1     -1
 iasi_metop-b          173   1    0.550    0.000    2.000   10.000    0.000      1     -1     -1
 iasi_metop-b          176   1    0.690    0.000    2.000   10.000    0.000      1     -1     -1
 iasi_metop-b          179  -1    0.580    0.000    2.000   10.000    0.000     -1     -1     -1
 iasi_metop-b          180   1    0.650    0.000    2.000   10.000    0.000      1     -1     -1
 iasi_metop-b          185   1    0.610    0.000    2.000   10.000    0.000      1     -1     -1
 iasi_metop-b          187   1    0.590    0.000    2.000   10.000    0.000      1     -1     -1
 iasi_metop-b          191  -1    0.640    0.000    2.000   10.000    0.000     -1     -1     -1
 iasi_metop-b          193   1    0.760    0.000    2.000   10.000    0.000      1     -1     -1
 iasi_metop-b          197  -1    0.720    0.000    2.000   10.000    0.000     -1     -1     -1
 iasi_metop-b          199   1    1.050    0.000    3.500   10.000    0.000      1     -1     -1
 iasi_metop-b          200  -1    0.750    0.000    2.000   10.000    0.000     -1     -1     -1
 iasi_metop-b          202  -1    0.510    0.000    2.000   10.000    0.000     -1     -1     -1
 iasi_metop-b          203  -1    0.650    0.000    2.000   10.000    0.000     -1     -1     -1
 iasi_metop-b          205   1    1.300    0.000    2.000   10.000    0.000      1     -1     -1
 iasi_metop-b          207   1    0.690    0.000    2.000   10.000    0.000      1     -1     -1
 iasi_metop-b          210   1    0.930    0.000    2.000   10.000    0.000      1     -1     -1
 iasi_metop-b          212   1    1.490    0.000    3.000   10.000    0.000      1     -1     -1
 iasi_metop-b          213  -1    1.120    0.000    2.000   10.000    0.000     -1     -1     -1
 iasi_metop-b          214   1    0.680    0.000    2.000   10.000    0.000      1     -1     -1
 iasi_metop-b          217   1    0.660    0.000    2.000   10.000    0.000      1     -1     -1
 iasi_metop-b          218  -1    0.670    0.000    2.000   10.000    0.000     -1     -1     -1
 iasi_metop-b          219   1    0.590    0.000    2.000   10.000    0.000      1     -1     -1
 iasi_metop-b          222   1    0.590    0.000    2.000   10.000    0.000      1     -1     -1
 iasi_metop-b          224   1    0.690    0.000    2.000   10.000    0.000      1     -1     -1
 iasi_metop-b          225  -1    0.670    0.000    2.000   10.000    0.000     -1     -1     -1
 iasi_metop-b          226   1    0.640    0.000    2.000   10.000    0.000      1     -1     -1
 iasi_metop-b          228  -1    0.620    0.000    2.000   10.000    0.000     -1     -1     -1
 iasi_metop-b          230   1    0.720    0.000    2.000   10.000    0.000      1     -1     -1
 iasi_metop-b          231  -1    0.690    0.000    2.000   10.000    0.000     -1     -1     -1
 iasi_metop-b          232   1    0.660    0.000    2.000   10.000    0.000      1     -1     -1
 iasi_metop-b          236   1    0.790    0.000    2.000   10.000    0.000      1     -1     -1
 iasi_metop-b          237  -1    0.780    0.000    2.000   10.000    0.000     -1     -1     -1
 iasi_metop-b          239   1    0.740    0.000    2.000   10.000    0.000      1     -1     -1
 iasi_metop-b          243   1    0.880    0.000    2.500   10.000    0.000      1     -1     -1
 iasi_metop-b          246   1    0.770    0.000    2.000   10.000    0.000      1     -1     -1
 iasi_metop-b          249   1    0.880    0.000    2.500   10.000    0.000      1     -1     -1
 iasi_metop-b          252   1    0.860    0.000    2.500   10.000    0.000      1     -1     -1
 iasi_metop-b          254   1    1.000    0.000    3.000   10.000    0.000      1     -1     -1
 iasi_metop-b          259  -1    0.870    0.000    2.500   10.000    0.000     -1     -1     -1
 iasi_metop-b          260   1    0.850    0.000    2.500   10.000    0.000      1     -1     -1
 iasi_metop-b          262   1    0.880    0.000    2.500   10.000    0.000      1     -1     -1
 iasi_metop-b          265   1    0.840    0.000    2.500   10.000    0.000      1     -1     -1
 iasi_metop-b          267   1    0.840    0.000    3.500   10.000    0.000      1     -1     -1
 iasi_metop-b          269  -1    0.840    0.000    2.500   10.000    0.000     -1     -1     -1
 iasi_metop-b          275   1    0.800    0.000    2.500   10.000    0.000      1     -1     -1
 iasi_metop-b          279  -1    0.800    0.000    3.000   10.000    0.000     -1     -1     -1
 iasi_metop-b          282   1    0.870    0.000    3.500   10.000    0.000      1     -1     -1
 iasi_metop-b          285  -1    0.980    0.000    3.000   10.000    0.000     -1     -1     -1
 iasi_metop-b          294   1    0.520    0.000    4.000   10.000    0.000      1     -1     -1
 iasi_metop-b          296   1    0.650    0.000    4.000   10.000    0.000      1     -1     -1
 iasi_metop-b          299   1    0.690    0.000    4.000   10.000    0.000      1     -1     -1
 iasi_metop-b          300  -1    0.610    0.000    4.000   10.000    0.000     -1     -1     -1
 iasi_metop-b          303   1    0.600    0.000    4.000   10.000    0.000      1     -1     -1
 iasi_metop-b          306   1    0.670    0.000    4.000   10.000    0.000      1     -1     -1
 iasi_metop-b          309  -1    0.790    0.000    4.500   10.000    0.000     -1     -1     -1
 iasi_metop-b          313  -1    0.620    0.000    4.500   10.000    0.000     -1     -1     -1
 iasi_metop-b          320  -1    0.660    0.000    4.500   10.000    0.000     -1     -1     -1
 iasi_metop-b          323   1    0.700    0.000    4.500   10.000    0.000      1     -1     -1
 iasi_metop-b          326  -1    0.650    0.000    4.500   10.000    0.000     -1     -1     -1
 iasi_metop-b          327   1    0.620    0.000    4.000   10.000    0.000      1     -1     -1
 iasi_metop-b          329   1    0.610    0.000    4.500   10.000    0.000      1     -1     -1
 iasi_metop-b          332  -1    0.620    0.000    4.000   10.000    0.000     -1     -1     -1
 iasi_metop-b          335   1    0.530    0.000    4.000   10.000    0.000      1     -1     -1
 iasi_metop-b          345   1    0.600    0.000    4.500   10.000    0.000      1     -1     -1
 iasi_metop-b          347   1    0.680    0.000    2.500   10.000    0.000      1     -1     -1
 iasi_metop-b          350   1    0.950    0.000    3.000   10.000    0.000      1     -1     -1
 iasi_metop-b          354   1    0.630    0.000    2.500   10.000    0.000      1     -1     -1
 iasi_metop-b          356   1    0.970    0.000    3.000   10.000    0.000      1     -1     -1
 iasi_metop-b          360   1    0.650    0.000    2.500   10.000    0.000      1     -1     -1
 iasi_metop-b          363  -1    0.980    0.000    3.000   10.000    0.000     -1     -1     -1
 iasi_metop-b          366   1    0.580    0.000    2.000   10.000    0.000      1     -1     -1
 iasi_metop-b          371   1    0.730    0.000    2.500   10.000    0.000      1     -1     -1
 iasi_metop-b          372  -1    0.650    0.000    2.500   10.000    0.000     -1     -1     -1
 iasi_metop-b          373   1    0.850    0.000    3.000   10.000    0.000      1     -1     -1
 iasi_metop-b          375   1    0.990    0.000    3.000   10.000    0.000      1     -1     -1
 iasi_metop-b          377   1    0.760    0.000    2.500   10.000    0.000      1     -1     -1
 iasi_metop-b          379   1    0.850    0.000    3.000   10.000    0.000      1     -1     -1
 iasi_metop-b          381   1    0.970    0.000    3.000   10.000    0.000      1     -1     -1
 iasi_metop-b          383   1    0.770    0.000    3.000   10.000    0.000      1     -1     -1
 iasi_metop-b          386   1    0.620    0.000    2.500   10.000    0.000      1     -1     -1
 iasi_metop-b          389   1    0.630    0.000    2.500   10.000    0.000      1     -1     -1
 iasi_metop-b          398   1    1.210    0.000    4.000   10.000    0.000      1     -1     -1
 iasi_metop-b          401   1    1.410    0.000    4.500   10.000    0.000      1     -1     -1
 iasi_metop-b          404   1    1.550    0.000    4.500   10.000    0.000      1     -1     -1
 iasi_metop-b          405  -1    1.780    0.000    5.000   10.000    0.000     -1     -1     -1
 iasi_metop-b          407   1    1.350    0.000    4.000   10.000    0.000      1     -1     -1
 iasi_metop-b          408  -1    1.140    0.000    4.000   10.000    0.000     -1     -1     -1
 iasi_metop-b          410   1    1.690    0.000    5.000   10.000    0.000      1     -1     -1
 iasi_metop-b          411  -1    1.790    0.000    5.000   10.000    0.000     -1     -1     -1
 iasi_metop-b          414   1    1.460    0.000    5.000   10.000    0.000      1     -1     -1
 iasi_metop-b          416   1    1.630    0.000    5.000   10.000    0.000      1     -1     -1
 iasi_metop-b          418  -1    1.940    0.000    5.500   10.000    0.000     -1     -1     -1
 iasi_metop-b          423  -1    2.010    0.000    5.500   10.000    0.000     -1     -1     -1
 iasi_metop-b          426   1    1.240    0.000    4.000   10.000    0.000      1     -1     -1
 iasi_metop-b          428   1    1.760    0.000    5.000   10.000    0.000      1     -1     -1
 iasi_metop-b          432   1    1.260    0.000    4.000   10.000    0.000      1     -1     -1
 iasi_metop-b          433  -1    1.470    0.000    4.500   10.000    0.000     -1     -1     -1
 iasi_metop-b          434   1    1.900    0.000    5.500   10.000    0.000      1     -1     -1
 iasi_metop-b          439   1    1.660    0.000    5.500   10.000    0.000      1     -1     -1
 iasi_metop-b          442  -1    2.130    0.000    6.000   10.000    0.000     -1     -1     -1
 iasi_metop-b          445   1    1.490    0.000    4.500   10.000    0.000      1     -1     -1
 iasi_metop-b          450  -1    1.520    0.000    4.500   10.000    0.000     -1     -1     -1
 iasi_metop-b          457   1    1.550    0.000    4.000   10.000    0.000      1     -1     -1
 iasi_metop-b          459  -1    1.960    0.000    5.000   10.000    0.000     -1     -1     -1
 iasi_metop-b          472  -1    2.310    0.000    5.000   10.000    0.000     -1     -1     -1
 iasi_metop-b          477  -1    2.330    0.000    6.000   10.000    0.000     -1     -1     -1
 iasi_metop-b          483  -1    2.320    0.000    6.000   10.000    0.000     -1     -1     -1
 iasi_metop-b          509  -1    2.310    0.000    6.000   10.000    0.000     -1     -1     -1
 iasi_metop-b          515   1    2.330    0.000    6.000   10.000    0.000      1     -1     -1
 iasi_metop-b          546   1    2.230    0.000    6.000   10.000    0.000      1     -1     -1
 iasi_metop-b          552   1    2.330    0.000    6.000   10.000    0.000      1     -1     -1
 iasi_metop-b          559   1    1.840    0.000    6.000   10.000    0.000      1     -1     -1
 iasi_metop-b          566   1    2.290    0.000    6.000   10.000    0.000      1     -1     -1
 iasi_metop-b          571   1    2.280    0.000    6.000   10.000    0.000      1     -1     -1
 iasi_metop-b          573   1    2.280    0.000    6.000   10.000    0.000      1     -1     -1
 iasi_metop-b          578  -1    2.280    0.000    6.000   10.000    0.000     -1     -1     -1
 iasi_metop-b          584  -1    2.260    0.000    6.000   10.000    0.000     -1     -1     -1
 iasi_metop-b          594  -1    2.260    0.000    6.000   10.000    0.000     -1     -1     -1
 iasi_metop-b          625  -1    2.260    0.000    6.000   10.000    0.000     -1     -1     -1
 iasi_metop-b          646   1    2.270    0.000    6.000   10.000    0.000      1     -1     -1
 iasi_metop-b          662   1    2.240    0.000    6.000   10.000    0.000      1     -1     -1
 iasi_metop-b          668   1    2.230    0.000    6.000   10.000    0.000      1     -1     -1
 iasi_metop-b          705  -1    2.240    0.000    6.000   10.000    0.000     -1     -1     -1
 iasi_metop-b          739  -1    2.260    0.000    6.000   10.000    0.000     -1     -1     -1
 iasi_metop-b          756   1    2.280    0.000    6.000   10.000    0.000      1     -1     -1
 iasi_metop-b          797  -1    2.280    0.000    6.000   10.000    0.000     -1     -1     -1
 iasi_metop-b          867   1    2.300    0.000    6.000   10.000    0.000      1     -1     -1
 iasi_metop-b          906   1    2.150    0.000    6.000   10.000    0.000      1     -1     -1
 iasi_metop-b          921   1    2.310    0.000    6.000   10.000    0.000      1     -1     -1
 iasi_metop-b         1027   1    2.370    0.000    6.000   10.000    0.000      1     -1     -1
 iasi_metop-b         1046   1    2.270    0.000    6.000   10.000    0.000      1     -1     -1
 iasi_metop-b         1090  -1    2.290    0.000    6.000   10.000    0.000     -1     -1     -1
 iasi_metop-b         1098  -1    2.290    0.000    6.000   10.000    0.000     -1     -1     -1
 iasi_metop-b         1121   1    2.230    0.000    6.000   10.000    0.000      1     -1     -1
 iasi_metop-b         1133   1    2.280    0.000    6.000   10.000    0.000      1     -1     -1
 iasi_metop-b         1173  -1    2.320    0.000    6.000   10.000    0.000     -1     -1     -1
 iasi_metop-b         1191   1    2.320    0.000    6.000   10.000    0.000      1     -1     -1
 iasi_metop-b         1194   1    2.310    0.000    6.000   10.000    0.000      1     -1     -1
 iasi_metop-b         1222  -1    2.320    0.000    6.000   10.000    0.000     -1     -1     -1
 iasi_metop-b         1271   1    2.320    0.000    6.000   10.000    0.000      1     -1     -1
 iasi_metop-b         1283  -1    2.310    0.000    6.000   10.000    0.000     -1     -1     -1
 iasi_metop-b         1338  -1    2.310    0.000    6.000   10.000    0.000     -1     -1     -1
 iasi_metop-b         1409  -1    2.280    0.000    6.000   10.000    0.000     -1     -1     -1
 iasi_metop-b         1414  -1    2.290    0.000    6.000   10.000    0.000     -1     -1     -1
 iasi_metop-b         1420  -1    2.280    0.000    6.000   10.000    0.000     -1     -1     -1
 iasi_metop-b         1424  -1    2.260    0.000    6.000   10.000    0.000     -1     -1     -1
 iasi_metop-b         1427  -1    2.290    0.000    6.000   10.000    0.000     -1     -1     -1
 iasi_metop-b         1430  -1    2.270    0.000    6.000   10.000    0.000     -1     -1     -1
 iasi_metop-b         1434  -1    2.260    0.000    6.000   10.000    0.000     -1     -1     -1
 iasi_metop-b         1440  -1    2.250    0.000    6.000   10.000    0.000     -1     -1     -1
 iasi_metop-b         1442  -1    2.270    0.000    6.000   10.000    0.000     -1     -1     -1
 iasi_metop-b         1445  -1    2.240    0.000    6.000   10.000    0.000     -1     -1     -1
 iasi_metop-b         1450  -1    2.210    0.000    6.000   10.000    0.000     -1     -1     -1
 iasi_metop-b         1454  -1    2.240    0.000    6.000   10.000    0.000     -1     -1     -1
 iasi_metop-b         1460  -1    2.170    0.000    6.000   10.000    0.000     -1     -1     -1
 iasi_metop-b         1463  -1    2.180    0.000    6.000   10.000    0.000     -1     -1     -1
 iasi_metop-b         1469  -1    2.170    0.000    6.000   10.000    0.000     -1     -1     -1
 iasi_metop-b         1474  -1    2.210    0.000    6.000   10.000    0.000     -1     -1     -1
 iasi_metop-b         1479   1    1.990    0.000    6.000   10.000    0.000     -1     -1     -1
 iasi_metop-b         1483  -1    2.160    0.000    6.000   10.000    0.000     -1     -1     -1
 iasi_metop-b         1487  -1    2.200    0.000    6.000   10.000    0.000     -1     -1     -1
 iasi_metop-b         1494  -1    2.130    0.000    6.000   10.000    0.000     -1     -1     -1
 iasi_metop-b         1496  -1    2.120    0.000    6.000   10.000    0.000     -1     -1     -1
 iasi_metop-b         1502  -1    2.130    0.000    6.000   10.000    0.000     -1     -1     -1
 iasi_metop-b         1505  -1    2.100    0.000    6.000   10.000    0.000     -1     -1     -1
 iasi_metop-b         1509   1    2.120    0.000    6.000   10.000    0.000     -1     -1     -1
 iasi_metop-b         1510  -1    2.110    0.000    6.000   10.000    0.000     -1     -1     -1
 iasi_metop-b         1513   1    2.090    0.000    6.000   10.000    0.000     -1     -1     -1
 iasi_metop-b         1518  -1    2.090    0.000    6.000   10.000    0.000     -1     -1     -1
 iasi_metop-b         1521   1    2.080    0.000    6.000   10.000    0.000     -1     -1     -1
 iasi_metop-b         1526  -1    2.090    0.000    6.000   10.000    0.000     -1     -1     -1
 iasi_metop-b         1529  -1    2.040    0.000    6.000   10.000    0.000     -1     -1     -1
 iasi_metop-b         1532  -1    2.040    0.000    6.000   10.000    0.000     -1     -1     -1
 iasi_metop-b         1536   1    2.100    0.000    6.000   10.000    0.000     -1     -1     -1
 iasi_metop-b         1537  -1    2.010    0.000    6.000   10.000    0.000     -1     -1     -1
 iasi_metop-b         1541  -1    2.050    0.000    6.000   10.000    0.000     -1     -1     -1
 iasi_metop-b         1545  -1    2.030    0.000    6.000   10.000    0.000     -1     -1     -1
 iasi_metop-b         1548  -1    2.060    0.000    6.000   10.000    0.000     -1     -1     -1
 iasi_metop-b         1553  -1    1.980    0.000    6.000   10.000    0.000     -1     -1     -1
 iasi_metop-b         1560  -1    1.950    0.000    6.000   10.000    0.000     -1     -1     -1
 iasi_metop-b         1568  -1    1.940    0.000    6.000   10.000    0.000     -1     -1     -1
 iasi_metop-b         1574   1    1.910    0.000    6.000   10.000    0.000     -1     -1     -1
 iasi_metop-b         1579   1    1.700    0.000    6.000   10.000    0.000     -1     -1     -1
 iasi_metop-b         1583  -1    1.760    0.000    6.000   10.000    0.000     -1     -1     -1
 iasi_metop-b         1585   1    1.770    0.000    6.000   10.000    0.000     -1     -1     -1
 iasi_metop-b         1587   1    1.830    0.000    6.000   10.000    0.000     -1     -1     -1
 iasi_metop-b         1606  -1    2.040    0.000    6.000   10.000    0.000     -1     -1     -1
 iasi_metop-b         1626   1    1.910    0.000    6.000   10.000    0.000     -1     -1     -1
 iasi_metop-b         1639   1    1.990    0.000    6.000   10.000    0.000     -1     -1     -1
 iasi_metop-b         1643   1    1.990    0.000    6.000   10.000    0.000     -1     -1     -1
 iasi_metop-b         1652   1    2.070    0.000    6.000   10.000    0.000     -1     -1     -1
 iasi_metop-b         1658   1    2.020    0.000    6.000   10.000    0.000     -1     -1     -1
 iasi_metop-b         1659  -1    2.040    0.000    6.000   10.000    0.000     -1     -1     -1
 iasi_metop-b         1666  -1    2.100    0.000    6.000   10.000    0.000     -1     -1     -1
 iasi_metop-b         1671   1    2.060    0.000    6.000   10.000    0.000     -1     -1     -1
 iasi_metop-b         1675  -1    2.180    0.000    6.000   10.000    0.000     -1     -1     -1
 iasi_metop-b         1681  -1    2.210    0.000    6.000   10.000    0.000     -1     -1     -1
 iasi_metop-b         1694  -1    2.240    0.000    6.000   10.000    0.000     -1     -1     -1
 iasi_metop-b         1697  -1    2.230    0.000    6.000   10.000    0.000     -1     -1     -1
 iasi_metop-b         1710  -1    2.230    0.000    6.000   10.000    0.000     -1     -1     -1
 iasi_metop-b         1786   1    1.980    0.000    6.000   10.000    0.000      1     -1     -1
 iasi_metop-b         1791  -1    2.200    0.000    6.000   10.000    0.000     -1     -1     -1
 iasi_metop-b         1805   1    2.180    0.000    6.000   10.000    0.000      1     -1     -1
 iasi_metop-b         1839  -1    2.180    0.000    6.000   10.000    0.000     -1     -1     -1
 iasi_metop-b         1884   1    2.210    0.000    6.000   10.000    0.000      1     -1     -1
 iasi_metop-b         1913  -1    2.230    0.000    6.000   10.000    0.000     -1     -1     -1
 iasi_metop-b         1946  -1    2.240    0.000    6.000   10.000    0.000     -1     -1     -1
 iasi_metop-b         1947  -1    2.240    0.000    6.000   10.000    0.000     -1     -1     -1
 iasi_metop-b         1991   1    2.250    0.000    6.000   10.000    0.000      1     -1     -1
 iasi_metop-b         2019   1    1.800    0.000    6.000   10.000    0.000      1     -1     -1
 iasi_metop-b         2094   1    2.240    0.000    6.000   10.000    0.000      1     -1     -1
 iasi_metop-b         2119   1    1.730    0.000    6.000   10.000    0.000      1     -1     -1
 iasi_metop-b         2213   1    1.730    0.000    6.000   10.000    0.000      1     -1     -1
 iasi_metop-b         2239   1    2.270    0.000    6.000   10.000    0.000      1     -1     -1
 iasi_metop-b         2271   1    1.670    0.000    6.000   10.000    0.000      1     -1     -1
 iasi_metop-b         2289  -1    2.210    0.000    6.000   10.000    0.000     -1     -1     -1
 iasi_metop-b         2321   1    1.720    0.000    6.000   10.000    0.000      1     -1     -1
 iasi_metop-b         2333  -1    2.230    0.000    6.000   10.000    0.000     -1     -1     -1
 iasi_metop-b         2346  -1    2.230    0.000    6.000   10.000    0.000     -1     -1     -1
 iasi_metop-b         2349  -1    2.230    0.000    6.000   10.000    0.000     -1     -1     -1
 iasi_metop-b         2352  -1    2.240    0.000    6.000   10.000    0.000     -1     -1     -1
 iasi_metop-b         2359  -1    2.230    0.000    6.000   10.000    0.000     -1     -1     -1
 iasi_metop-b         2367  -1    2.120    0.000    6.000   10.000    0.000     -1     -1     -1
 iasi_metop-b         2374  -1    2.170    0.000    6.000   10.000    0.000     -1     -1     -1
 iasi_metop-b         2398   1    1.740    0.000    6.000   10.000    0.000      1     -1     -1
 iasi_metop-b         2426  -1    2.020    0.000    6.000   10.000    0.000     -1     -1     -1
 iasi_metop-b         2562  -1    1.880    0.000    6.000   10.000    0.000     -1     -1     -1
 iasi_metop-b         2701   1    1.670    0.000    6.000   10.000    0.000      1     -1     -1
 iasi_metop-b         2741  -1    1.730    0.000    6.000   10.000    0.000     -1     -1     -1
 iasi_metop-b         2745  -1    1.830    0.000    6.000   10.000    0.000     -1     -1     -1
 iasi_metop-b         2760  -1    1.820    0.000    6.000   10.000    0.000     -1     -1     -1
 iasi_metop-b         2819  -1    1.730    0.000    6.000   10.000    0.000     -1     -1     -1
 iasi_metop-b         2889   1    1.830    0.000    6.000   10.000    0.000     -1     -1     -1
 iasi_metop-b         2907  -1    2.190    0.000    6.000   10.000    0.000     -1     -1     -1
 iasi_metop-b         2910  -1    1.840    0.000    6.000   10.000    0.000     -1     -1     -1
 iasi_metop-b         2919  -1    1.890    0.000    6.000   10.000    0.000     -1     -1     -1
 iasi_metop-b         2921  -1    1.600    0.000    6.000   10.000    0.000     -1     -1     -1
 iasi_metop-b         2939  -1    1.710    0.000    6.000   10.000    0.000     -1     -1     -1
 iasi_metop-b         2944  -1    1.860    0.000    6.000   10.000    0.000     -1     -1     -1
 iasi_metop-b         2945  -1    1.850    0.000    6.000   10.000    0.000     -1     -1     -1
 iasi_metop-b         2948  -1    1.840    0.000    6.000   10.000    0.000     -1     -1     -1
 iasi_metop-b         2951  -1    1.870    0.000    6.000   10.000    0.000     -1     -1     -1
 iasi_metop-b         2958   1    1.910    0.000    6.000   10.000    0.000     -1     -1     -1
 iasi_metop-b         2971  -1    1.520    0.000    6.000   10.000    0.000     -1     -1     -1
 iasi_metop-b         2977  -1    1.950    0.000    6.000   10.000    0.000     -1     -1     -1
 iasi_metop-b         2985  -1    1.870    0.000    6.000   10.000    0.000     -1     -1     -1
 iasi_metop-b         2988  -1    1.890    0.000    6.000   10.000    0.000     -1     -1     -1
 iasi_metop-b         2990  -1    1.910    0.000    6.000   10.000    0.000     -1     -1     -1
 iasi_metop-b         2991  -1    1.910    0.000    6.000   10.000    0.000     -1     -1     -1
 iasi_metop-b         2993   1    1.930    0.000    6.000   10.000    0.000     -1     -1     -1
 iasi_metop-b         3002   1    1.900    0.000    6.000   10.000    0.000     -1     -1     -1
 iasi_metop-b         3008  -1    1.910    0.000    6.000   10.000    0.000     -1     -1     -1
 iasi_metop-b         3014  -1    1.900    0.000    6.000   10.000    0.000     -1     -1     -1
 iasi_metop-b         3027  -1    1.890    0.000    6.000   10.000    0.000     -1     -1     -1
 iasi_metop-b         3029  -1    1.890    0.000    6.000   10.000    0.000     -1     -1     -1
 iasi_metop-b         3030  -1    1.910    0.000    6.000   10.000    0.000     -1     -1     -1
 iasi_metop-b         3036  -1    1.900    0.000    6.000   10.000    0.000     -1     -1     -1
 iasi_metop-b         3047  -1    1.910    0.000    6.000   10.000    0.000     -1     -1     -1
 iasi_metop-b         3049   1    1.910    0.000    6.000   10.000    0.000     -1     -1     -1
 iasi_metop-b         3052  -1    1.910    0.000    6.000   10.000    0.000     -1     -1     -1
 iasi_metop-b         3053  -1    1.930    0.000    6.000   10.000    0.000     -1     -1     -1
 iasi_metop-b         3055  -1    1.940    0.000    6.000   10.000    0.000     -1     -1     -1
 iasi_metop-b         3058  -1    1.910    0.000    6.000   10.000    0.000     -1     -1     -1
 iasi_metop-b         3064  -1    1.920    0.000    6.000   10.000    0.000     -1     -1     -1
 iasi_metop-b         3069  -1    1.770    0.000    6.000   10.000    0.000     -1     -1     -1
 iasi_metop-b         3087  -1    1.910    0.000    6.000   10.000    0.000     -1     -1     -1
 iasi_metop-b         3093  -1    1.950    0.000    6.000   10.000    0.000     -1     -1     -1
 iasi_metop-b         3098  -1    1.190    0.000    6.000   10.000    0.000     -1     -1     -1
 iasi_metop-b         3105   1    1.960    0.000    6.000   10.000    0.000     -1     -1     -1
 iasi_metop-b         3107  -1    1.980    0.000    6.000   10.000    0.000     -1     -1     -1
 iasi_metop-b         3110   1    1.940    0.000    6.000   10.000    0.000     -1     -1     -1
 iasi_metop-b         3116  -1    1.550    0.000    6.000   10.000    0.000     -1     -1     -1
 iasi_metop-b         3127  -1    1.910    0.000    6.000   10.000    0.000     -1     -1     -1
 iasi_metop-b         3129  -1    1.920    0.000    6.000   10.000    0.000     -1     -1     -1
 iasi_metop-b         3136  -1    1.920    0.000    6.000   10.000    0.000     -1     -1     -1
 iasi_metop-b         3146  -1    1.970    0.000    6.000   10.000    0.000     -1     -1     -1
 iasi_metop-b         3151  -1    1.930    0.000    6.000   10.000    0.000     -1     -1     -1
 iasi_metop-b         3160  -1    1.990    0.000    6.000   10.000    0.000     -1     -1     -1
 iasi_metop-b         3165  -1    1.860    0.000    6.000   10.000    0.000     -1     -1     -1
 iasi_metop-b         3168  -1    1.120    0.000    6.000   10.000    0.000     -1     -1     -1
 iasi_metop-b         3175  -1    1.930    0.000    6.000   10.000    0.000     -1     -1     -1
 iasi_metop-b         3178  -1    1.920    0.000    6.000   10.000    0.000     -1     -1     -1
 iasi_metop-b         3189  -1    1.950    0.000    6.000   10.000    0.000     -1     -1     -1
 iasi_metop-b         3207  -1    1.850    0.000    6.000   10.000    0.000     -1     -1     -1
 iasi_metop-b         3228  -1    1.840    0.000    6.000   10.000    0.000     -1     -1     -1
 iasi_metop-b         3244  -1    1.910    0.000    6.000   10.000    0.000     -1     -1     -1
 iasi_metop-b         3248  -1    1.120    0.000    6.000   10.000    0.000     -1     -1     -1
 iasi_metop-b         3252  -1    1.820    0.000    6.000   10.000    0.000     -1     -1     -1
 iasi_metop-b         3256  -1    1.820    0.000    6.000   10.000    0.000     -1     -1     -1
 iasi_metop-b         3263  -1    1.950    0.000    6.000   10.000    0.000     -1     -1     -1
 iasi_metop-b         3281  -1    1.240    0.000    6.000   10.000    0.000     -1     -1     -1
 iasi_metop-b         3295  -1    1.940    0.000    6.000   10.000    0.000     -1     -1     -1
 iasi_metop-b         3303  -1    1.960    0.000    6.000   10.000    0.000     -1     -1     -1
 iasi_metop-b         3309  -1    1.210    0.000    6.000   10.000    0.000     -1     -1     -1
 iasi_metop-b         3312  -1    1.830    0.000    6.000   10.000    0.000     -1     -1     -1
 iasi_metop-b         3322  -1    1.960    0.000    6.000   10.000    0.000     -1     -1     -1
 iasi_metop-b         3326  -1    1.360    0.000    6.000   10.000    0.000     -1     -1     -1
 iasi_metop-b         3354  -1    1.960    0.000    6.000   10.000    0.000     -1     -1     -1
 iasi_metop-b         3366  -1    1.820    0.000    6.000   10.000    0.000     -1     -1     -1
 iasi_metop-b         3375  -1    1.920    0.000    6.000   10.000    0.000     -1     -1     -1
 iasi_metop-b         3378  -1    1.680    0.000    6.000   10.000    0.000     -1     -1     -1
 iasi_metop-b         3411  -1    1.930    0.000    6.000   10.000    0.000     -1     -1     -1
 iasi_metop-b         3416  -1    1.230    0.000    6.000   10.000    0.000     -1     -1     -1
 iasi_metop-b         3432  -1    1.960    0.000    6.000   10.000    0.000     -1     -1     -1
 iasi_metop-b         3438  -1    1.930    0.000    6.000   10.000    0.000     -1     -1     -1
 iasi_metop-b         3440  -1    1.860    0.000    6.000   10.000    0.000     -1     -1     -1
 iasi_metop-b         3442  -1    1.410    0.000    5.500   10.000    0.000     -1     -1     -1
 iasi_metop-b         3444  -1    1.160    0.000    4.500   10.000    0.000     -1     -1     -1
 iasi_metop-b         3446  -1    1.600    0.000    6.000   10.000    0.000     -1     -1     -1
 iasi_metop-b         3448  -1    1.250    0.000    5.000   10.000    0.000     -1     -1     -1
 iasi_metop-b         3450  -1    1.200    0.000    5.000   10.000    0.000     -1     -1     -1
 iasi_metop-b         3452  -1    1.650    0.000    6.000   10.000    0.000     -1     -1     -1
 iasi_metop-b         3454  -1    1.660    0.000    6.000   10.000    0.000     -1     -1     -1
 iasi_metop-b         3458  -1    1.870    0.000    6.000   10.000    0.000     -1     -1     -1
 iasi_metop-b         3467  -1    1.940    0.000    6.000   10.000    0.000     -1     -1     -1
 iasi_metop-b         3476  -1    1.960    0.000    6.000   10.000    0.000     -1     -1     -1
 iasi_metop-b         3484  -1    1.910    0.000    6.000   10.000    0.000     -1     -1     -1
 iasi_metop-b         3491  -1    1.250    0.000    5.000   10.000    0.000     -1     -1     -1
 iasi_metop-b         3497  -1    1.930    0.000    6.000   10.000    0.000     -1     -1     -1
 iasi_metop-b         3499  -1    1.910    0.000    6.000   10.000    0.000     -1     -1     -1
 iasi_metop-b         3504  -1    1.700    0.000    6.000   10.000    0.000     -1     -1     -1
 iasi_metop-b         3506  -1    0.990    0.000    4.000   10.000    0.000     -1     -1     -1
 iasi_metop-b         3509  -1    1.810    0.000    6.000   10.000    0.000     -1     -1     -1
 iasi_metop-b         3518  -1    1.920    0.000    6.000   10.000    0.000     -1     -1     -1
 iasi_metop-b         3527  -1    1.950    0.000    6.000   10.000    0.000     -1     -1     -1
 iasi_metop-b         3555  -1    1.500    0.000    6.000   10.000    0.000     -1     -1     -1
 iasi_metop-b         3575  -1    1.470    0.000    4.500   10.000    0.000     -1     -1     -1
 iasi_metop-b         3577  -1    1.150    0.000    6.000   10.000    0.000     -1     -1     -1
 iasi_metop-b         3580  -1    1.580    0.000    6.000   10.000    0.000     -1     -1     -1
 iasi_metop-b         3582  -1    1.180    0.000    4.500   10.000    0.000     -1     -1     -1
 iasi_metop-b         3586  -1    1.820    0.000    6.000   10.000    0.000     -1     -1     -1
 iasi_metop-b         3589  -1    1.130    0.000    6.000   10.000    0.000     -1     -1     -1
 iasi_metop-b         3599  -1    1.830    0.000    6.000   10.000    0.000     -1     -1     -1
 iasi_metop-b         3610  -1    1.910    0.000    6.000   10.000    0.000     -1     -1     -1
 iasi_metop-b         3626  -1    1.260    0.000    6.000   10.000    0.000     -1     -1     -1
 iasi_metop-b         3638  -1    1.270    0.000    5.000   10.000    0.000     -1     -1     -1
 iasi_metop-b         3646  -1    1.910    0.000    6.000   10.000    0.000     -1     -1     -1
 iasi_metop-b         3653  -1    1.450    0.000    6.000   10.000    0.000     -1     -1     -1
 iasi_metop-b         3658  -1    1.600    0.000    6.000   10.000    0.000     -1     -1     -1
 iasi_metop-b         3661  -1    1.290    0.000    5.000   10.000    0.000     -1     -1     -1
 iasi_metop-b         3673  -1    1.940    0.000    6.000   10.000    0.000     -1     -1     -1
 iasi_metop-b         3689  -1    1.940    0.000    6.000   10.000    0.000     -1     -1     -1
 iasi_metop-b         3700  -1    1.230    0.000    5.000   10.000    0.000     -1     -1     -1
 iasi_metop-b         3710  -1    1.950    0.000    6.000   10.000    0.000     -1     -1     -1
 iasi_metop-b         3726  -1    1.210    0.000    5.000   10.000    0.000     -1     -1     -1
 iasi_metop-b         3763  -1    1.940    0.000    6.000   10.000    0.000     -1     -1     -1
 iasi_metop-b         3814  -1    1.860    0.000    6.000   10.000    0.000     -1     -1     -1
 iasi_metop-b         3841  -1    1.900    0.000    6.000   10.000    0.000     -1     -1     -1
 iasi_metop-b         3888  -1    1.330    0.000    5.000   10.000    0.000     -1     -1     -1
 iasi_metop-b         4032  -1    1.750    0.000    6.000   10.000    0.000     -1     -1     -1
 iasi_metop-b         4059  -1    2.020    0.000    6.000   10.000    0.000     -1     -1     -1
 iasi_metop-b         4068  -1    1.980    0.000    6.000   10.000    0.000     -1     -1     -1
 iasi_metop-b         4082  -1    2.030    0.000    6.000   10.000    0.000     -1     -1     -1
 iasi_metop-b         4095  -1    1.830    0.000    6.000   10.000    0.000     -1     -1     -1
 iasi_metop-b         4160  -1    1.500    0.000    6.000   10.000    0.000     -1     -1     -1
 iasi_metop-b         4234  -1    2.040    0.000    6.000   10.000    0.000     -1     -1     -1
 iasi_metop-b         4257  -1    2.020    0.000    6.000   10.000    0.000     -1     -1     -1
 iasi_metop-b         4411  -1    1.900    0.000    6.000   10.000    0.000     -1     -1     -1
 iasi_metop-b         4498  -1    2.000    0.000    6.000   10.000    0.000     -1     -1     -1
 iasi_metop-b         4520  -1    2.020    0.000    6.000   10.000    0.000     -1     -1     -1
 iasi_metop-b         4552  -1    1.950    0.000    6.000   10.000    0.000     -1     -1     -1
 iasi_metop-b         4567  -1    1.930    0.000    6.000   10.000    0.000     -1     -1     -1
 iasi_metop-b         4608  -1    1.950    0.000    6.000   10.000    0.000     -1     -1     -1
 iasi_metop-b         4646  -1    1.950    0.000    6.000   10.000    0.000     -1     -1     -1
 iasi_metop-b         4698  -1    1.990    0.000    6.000   10.000    0.000     -1     -1     -1
 iasi_metop-b         4808  -1    2.000    0.000    6.000   10.000    0.000     -1     -1     -1
 iasi_metop-b         4849  -1    1.940    0.000    6.000   10.000    0.000     -1     -1     -1
 iasi_metop-b         4920  -1    1.960    0.000    6.000   10.000    0.000     -1     -1     -1
 iasi_metop-b         4939  -1    1.860    0.000    6.000   10.000    0.000     -1     -1     -1
 iasi_metop-b         4947  -1    1.920    0.000    6.000   10.000    0.000     -1     -1     -1
 iasi_metop-b         4967  -1    1.880    0.000    6.000   10.000    0.000     -1     -1     -1
 iasi_metop-b         4991  -1    1.860    0.000    6.000   10.000    0.000     -1     -1     -1
 iasi_metop-b         4996  -1    1.840    0.000    6.000   10.000    0.000     -1     -1     -1
 iasi_metop-b         5015  -1    1.870    0.000    6.000   10.000    0.000     -1     -1     -1
 iasi_metop-b         5028  -1    1.770    0.000    6.000   10.000    0.000     -1     -1     -1
 iasi_metop-b         5056  -1    1.890    0.000    6.000   10.000    0.000     -1     -1     -1
 iasi_metop-b         5128  -1    1.890    0.000    6.000   10.000    0.000     -1     -1     -1
 iasi_metop-b         5130  -1    1.880    0.000    6.000   10.000    0.000     -1     -1     -1
 iasi_metop-b         5144  -1    1.940    0.000    6.000   10.000    0.000     -1     -1     -1
 iasi_metop-b         5170  -1    1.820    0.000    6.000   10.000    0.000     -1     -1     -1
 iasi_metop-b         5178  -1    1.790    0.000    6.000   10.000    0.000     -1     -1     -1
 iasi_metop-b         5183  -1    1.860    0.000    6.000   10.000    0.000     -1     -1     -1
 iasi_metop-b         5188  -1    2.060    0.000    6.000   10.000    0.000     -1     -1     -1
 iasi_metop-b         5191  -1    2.330    0.000    6.000   10.000    0.000     -1     -1     -1
 iasi_metop-b         5368  -1    1.880    0.000    6.000   10.000    0.000     -1     -1     -1
 iasi_metop-b         5371  -1    1.860    0.000    6.000   10.000    0.000     -1     -1     -1
 iasi_metop-b         5379  -1    1.810    0.000    6.000   10.000    0.000     -1     -1     -1
 iasi_metop-b         5381   1    1.800    0.000    6.000   10.000    0.000     -1     -1     -1
 iasi_metop-b         5383  -1    1.800    0.000    6.000   10.000    0.000     -1     -1     -1
 iasi_metop-b         5397  -1    1.860    0.000    6.000   10.000    0.000     -1     -1     -1
 iasi_metop-b         5399   1    1.900    0.000    6.000   10.000    0.000     -1     -1     -1
 iasi_metop-b         5401  -1    2.000    0.000    6.000   10.000    0.000     -1     -1     -1
 iasi_metop-b         5403  -1    2.060    0.000    6.000   10.000    0.000     -1     -1     -1
 iasi_metop-b         5405  -1    2.100    0.000    6.000   10.000    0.000     -1     -1     -1
 iasi_metop-b         5446  -1    2.200    0.000    6.000   10.000    0.000     -1     -1     -1
 iasi_metop-b         5455  -1    2.000    0.000    6.000   10.000    0.000     -1     -1     -1
 iasi_metop-b         5472  -1    2.160    0.000    6.000   10.000    0.000     -1     -1     -1
 iasi_metop-b         5480   1    1.980    0.000    6.000   10.000    0.000     -1     -1     -1
 iasi_metop-b         5483  -1    1.800    0.000    6.000   10.000    0.000     -1     -1     -1
 iasi_metop-b         5485  -1    1.800    0.000    6.000   10.000    0.000     -1     -1     -1
 iasi_metop-b         5492  -1    1.850    0.000    6.000   10.000    0.000     -1     -1     -1
 iasi_metop-b         5497  -1    1.750    0.000    6.000   10.000    0.000     -1     -1     -1
 iasi_metop-b         5502  -1    2.040    0.000    6.000   10.000    0.000     -1     -1     -1
 iasi_metop-b         5507  -1    2.190    0.000    6.000   10.000    0.000     -1     -1     -1
 iasi_metop-b         5509  -1    2.140    0.000    6.000   10.000    0.000     -1     -1     -1
 iasi_metop-b         5517  -1    2.190    0.000    6.000   10.000    0.000     -1     -1     -1
 iasi_metop-b         5528  -1    1.860    0.000    6.000   10.000    0.000     -1     -1     -1
 iasi_metop-b         5558  -1    2.100    0.000    6.000   10.000    0.000     -1     -1     -1
 iasi_metop-b         5697  -1    2.110    0.000    6.000   10.000    0.000     -1     -1     -1
 iasi_metop-b         5714  -1    2.180    0.000    6.000   10.000    0.000     -1     -1     -1
 iasi_metop-b         5749  -1    2.030    0.000    6.000   10.000    0.000     -1     -1     -1
 iasi_metop-b         5766  -1    2.280    0.000    6.000   10.000    0.000     -1     -1     -1
 iasi_metop-b         5785  -1    2.190    0.000    6.000   10.000    0.000     -1     -1     -1
 iasi_metop-b         5798  -1    2.260    0.000    6.000   10.000    0.000     -1     -1     -1
 iasi_metop-b         5799  -1    2.260    0.000    6.000   10.000    0.000     -1     -1     -1
 iasi_metop-b         5801  -1    2.210    0.000    6.000   10.000    0.000     -1     -1     -1
 iasi_metop-b         5817  -1    2.210    0.000    6.000   10.000    0.000     -1     -1     -1
 iasi_metop-b         5833  -1    2.260    0.000    6.000   10.000    0.000     -1     -1     -1
 iasi_metop-b         5834  -1    2.330    0.000    6.000   10.000    0.000     -1     -1     -1
 iasi_metop-b         5836  -1    2.270    0.000    6.000   10.000    0.000     -1     -1     -1
 iasi_metop-b         5849  -1    2.210    0.000    6.000   10.000    0.000     -1     -1     -1
 iasi_metop-b         5851  -1    2.120    0.000    6.000   10.000    0.000     -1     -1     -1
 iasi_metop-b         5852  -1    2.230    0.000    6.000   10.000    0.000     -1     -1     -1
 iasi_metop-b         5865  -1    2.260    0.000    6.000   10.000    0.000     -1     -1     -1
 iasi_metop-b         5869  -1    2.250    0.000    6.000   10.000    0.000     -1     -1     -1
 iasi_metop-b         5881  -1    1.880    0.000    6.000   10.000    0.000     -1     -1     -1
 iasi_metop-b         5884  -1    2.260    0.000    6.000   10.000    0.000     -1     -1     -1
 iasi_metop-b         5897  -1    2.240    0.000    6.000   10.000    0.000     -1     -1     -1
 iasi_metop-b         5900  -1    2.360    0.000    6.000   10.000    0.000     -1     -1     -1
 iasi_metop-b         5916  -1    2.290    0.000    6.000   10.000    0.000     -1     -1     -1
 iasi_metop-b         5932  -1    2.350    0.000    6.000   10.000    0.000     -1     -1     -1
 iasi_metop-b         5948  -1    2.300    0.000    6.000   10.000    0.000     -1     -1     -1
 iasi_metop-b         5963  -1    2.270    0.000    6.000   10.000    0.000     -1     -1     -1
 iasi_metop-b         5968  -1    2.080    0.000    6.000   10.000    0.000     -1     -1     -1
 iasi_metop-b         5978  -1    2.050    0.000    6.000   10.000    0.000     -1     -1     -1
 iasi_metop-b         5988  -1    2.270    0.000    6.000   10.000    0.000     -1     -1     -1
 iasi_metop-b         5992  -1    2.280    0.000    6.000   10.000    0.000     -1     -1     -1
 iasi_metop-b         5994  -1    2.270    0.000    6.000   10.000    0.000     -1     -1     -1
 iasi_metop-b         5997  -1    2.280    0.000    6.000   10.000    0.000     -1     -1     -1
 iasi_metop-b         6003  -1    1.970    0.000    6.000   10.000    0.000     -1     -1     -1
 iasi_metop-b         6008  -1    2.250    0.000    6.000   10.000    0.000     -1     -1     -1
 iasi_metop-b         6023  -1    2.250    0.000    6.000   10.000    0.000     -1     -1     -1
 iasi_metop-b         6026  -1    2.250    0.000    6.000   10.000    0.000     -1     -1     -1
 iasi_metop-b         6039  -1    2.310    0.000    6.000   10.000    0.000     -1     -1     -1
 iasi_metop-b         6053  -1    2.280    0.000    6.000   10.000    0.000     -1     -1     -1
 iasi_metop-b         6056  -1    2.270    0.000    6.000   10.000    0.000     -1     -1     -1
 iasi_metop-b         6067  -1    2.130    0.000    6.000   10.000    0.000     -1     -1     -1
 iasi_metop-b         6071  -1    2.240    0.000    6.000   10.000    0.000     -1     -1     -1
 iasi_metop-b         6082  -1    2.280    0.000    6.000   10.000    0.000     -1     -1     -1
 iasi_metop-b         6085  -1    2.280    0.000    6.000   10.000    0.000     -1     -1     -1
 iasi_metop-b         6098  -1    2.410    0.000    6.000   10.000    0.000     -1     -1     -1
 iasi_metop-b         6112  -1    2.340    0.000    6.000   10.000    0.000     -1     -1     -1
 iasi_metop-b         6126  -1    9.320    0.000    6.000   10.000    0.000     -1     -1     -1
 iasi_metop-b         6135  -1    2.280    0.000    6.000   10.000    0.000     -1     -1     -1
 iasi_metop-b         6140  -1    2.380    0.000    6.000   10.000    0.000     -1     -1     -1
 iasi_metop-b         6149  -1    2.270    0.000    6.000   10.000    0.000     -1     -1     -1
 iasi_metop-b         6154  -1    2.270    0.000    6.000   10.000    0.000     -1     -1     -1
 iasi_metop-b         6158  -1    2.390    0.000    6.000   10.000    0.000     -1     -1     -1
 iasi_metop-b         6161  -1    2.110    0.000    6.000   10.000    0.000     -1     -1     -1
 iasi_metop-b         6168  -1    2.090    0.000    6.000   10.000    0.000     -1     -1     -1
 iasi_metop-b         6174  -1    2.100    0.000    6.000   10.000    0.000     -1     -1     -1
 iasi_metop-b         6182  -1    2.060    0.000    6.000   10.000    0.000     -1     -1     -1
 iasi_metop-b         6187  -1    2.120    0.000    6.000   10.000    0.000     -1     -1     -1
 iasi_metop-b         6205  -1    2.080    0.000    6.000   10.000    0.000     -1     -1     -1
 iasi_metop-b         6209  -1    2.000    0.000    6.000   10.000    0.000     -1     -1     -1
 iasi_metop-b         6213  -1    1.930    0.000    6.000   10.000    0.000     -1     -1     -1
 iasi_metop-b         6317  -1    2.020    0.000    6.000   10.000    0.000     -1     -1     -1
 iasi_metop-b         6339  -1    2.550    0.000    6.000   10.000    0.000     -1     -1     -1
 iasi_metop-b         6342  -1    1.540    0.000    6.000   10.000    0.000     -1     -1     -1
 iasi_metop-b         6366  -1    1.640    0.000    6.000   10.000    0.000     -1     -1     -1
 iasi_metop-b         6381  -1    1.510    0.000    6.000   10.000    0.000     -1     -1     -1
 iasi_metop-b         6391  -1    1.550    0.000    6.000   10.000    0.000     -1     -1     -1
 iasi_metop-b         6489  -1    2.820    0.000    6.000   10.000    0.000     -1     -1     -1
 iasi_metop-b         6962  -1    2.920    0.000    6.000   10.000    0.000     -1     -1     -1
 iasi_metop-b         6966  -1    2.550    0.000    6.000   10.000    0.000     -1     -1     -1
 iasi_metop-b         6970  -1    2.370    0.000    6.000   10.000    0.000     -1     -1     -1
 iasi_metop-b         6975  -1    1.850    0.000    6.000   10.000    0.000     -1     -1     -1
 iasi_metop-b         6977  -1    1.600    0.000    6.000   10.000    0.000     -1     -1     -1
 iasi_metop-b         6982  -1    1.720    0.000    6.000   10.000    0.000     -1     -1     -1
 iasi_metop-b         6985  -1    1.740    0.000    6.000   10.000    0.000     -1     -1     -1
 iasi_metop-b         6987  -1    1.790    0.000    6.000   10.000    0.000     -1     -1     -1
 iasi_metop-b         6989  -1    1.900    0.000    6.000   10.000    0.000     -1     -1     -1
 iasi_metop-b         6991  -1    1.940    0.000    6.000   10.000    0.000     -1     -1     -1
 iasi_metop-b         6993  -1    2.000    0.000    6.000   10.000    0.000     -1     -1     -1
 iasi_metop-b         6995  -1    2.040    0.000    6.000   10.000    0.000     -1     -1     -1
 iasi_metop-b         6997  -1    2.080    0.000    6.000   10.000    0.000     -1     -1     -1
 iasi_metop-b         6999  -1    2.120    0.000    6.000   10.000    0.000     -1     -1     -1
 iasi_metop-b         7000  -1    2.130    0.000    6.000   10.000    0.000     -1     -1     -1
 iasi_metop-b         7004  -1    2.160    0.000    6.000   10.000    0.000     -1     -1     -1
 iasi_metop-b         7008  -1    2.180    0.000    6.000   10.000    0.000     -1     -1     -1
 iasi_metop-b         7013  -1    2.180    0.000    6.000   10.000    0.000     -1     -1     -1
 iasi_metop-b         7016  -1    2.200    0.000    6.000   10.000    0.000     -1     -1     -1
 iasi_metop-b         7021  -1    2.200    0.000    6.000   10.000    0.000     -1     -1     -1
 iasi_metop-b         7024  -1    2.410    0.000    6.000   10.000    0.000     -1     -1     -1
 iasi_metop-b         7027  -1    2.390    0.000    6.000   10.000    0.000     -1     -1     -1
 iasi_metop-b         7029  -1    2.380    0.000    6.000   10.000    0.000     -1     -1     -1
 iasi_metop-b         7032  -1    2.400    0.000    6.000   10.000    0.000     -1     -1     -1
 iasi_metop-b         7038  -1    2.420    0.000    6.000   10.000    0.000     -1     -1     -1
 iasi_metop-b         7043  -1    2.410    0.000    6.000   10.000    0.000     -1     -1     -1
 iasi_metop-b         7046  -1    2.430    0.000    6.000   10.000    0.000     -1     -1     -1
 iasi_metop-b         7049  -1    2.450    0.000    6.000   10.000    0.000     -1     -1     -1
 iasi_metop-b         7069  -1    2.430    0.000    6.000   10.000    0.000     -1     -1     -1
 iasi_metop-b         7072  -1    2.450    0.000    6.000   10.000    0.000     -1     -1     -1
 iasi_metop-b         7076  -1    2.430    0.000    6.000   10.000    0.000     -1     -1     -1
 iasi_metop-b         7081  -1    2.400    0.000    6.000   10.000    0.000     -1     -1     -1
 iasi_metop-b         7084  -1    2.440    0.000    6.000   10.000    0.000     -1     -1     -1
 iasi_metop-b         7089  -1    2.400    0.000    6.000   10.000    0.000     -1     -1     -1
 iasi_metop-b         7099  -1    2.420    0.000    6.000   10.000    0.000     -1     -1     -1
 iasi_metop-b         7209  -1    2.430    0.000    6.000   10.000    0.000     -1     -1     -1
 iasi_metop-b         7222  -1    2.450    0.000    6.000   10.000    0.000     -1     -1     -1
 iasi_metop-b         7231  -1    2.450    0.000    6.000   10.000    0.000     -1     -1     -1
 iasi_metop-b         7235  -1    2.450    0.000    6.000   10.000    0.000     -1     -1     -1
 iasi_metop-b         7247  -1    2.460    0.000    6.000   10.000    0.000     -1     -1     -1
 iasi_metop-b         7267  -1    2.450    0.000    6.000   10.000    0.000     -1     -1     -1
 iasi_metop-b         7269  -1    2.450    0.000    6.000   10.000    0.000     -1     -1     -1
 iasi_metop-b         7284  -1    2.430    0.000    6.000   10.000    0.000     -1     -1     -1
 iasi_metop-b         7389  -1    2.510    0.000    6.000   10.000    0.000     -1     -1     -1
 iasi_metop-b         7419  -1    2.480    0.000    6.000   10.000    0.000     -1     -1     -1
 iasi_metop-b         7423  -1    2.480    0.000    6.000   10.000    0.000     -1     -1     -1
 iasi_metop-b         7424  -1    2.530    0.000    6.000   10.000    0.000     -1     -1     -1
 iasi_metop-b         7426  -1    2.460    0.000    6.000   10.000    0.000     -1     -1     -1
 iasi_metop-b         7428  -1    2.490    0.000    6.000   10.000    0.000     -1     -1     -1
 iasi_metop-b         7431  -1    2.500    0.000    6.000   10.000    0.000     -1     -1     -1
 iasi_metop-b         7436  -1    2.500    0.000    6.000   10.000    0.000     -1     -1     -1
 iasi_metop-b         7444  -1    2.500    0.000    6.000   10.000    0.000     -1     -1     -1
 iasi_metop-b         7475  -1    2.520    0.000    6.000   10.000    0.000     -1     -1     -1
 iasi_metop-b         7549  -1    2.520    0.000    6.000   10.000    0.000     -1     -1     -1
 iasi_metop-b         7584  -1    2.540    0.000    6.000   10.000    0.000     -1     -1     -1
 iasi_metop-b         7665  -1    2.500    0.000    6.000   10.000    0.000     -1     -1     -1
 iasi_metop-b         7666  -1    2.480    0.000    6.000   10.000    0.000     -1     -1     -1
 iasi_metop-b         7831  -1    2.500    0.000    6.000   10.000    0.000     -1     -1     -1
 iasi_metop-b         7836  -1    2.550    0.000    6.000   10.000    0.000     -1     -1     -1
 iasi_metop-b         7853  -1    2.500    0.000    6.000   10.000    0.000     -1     -1     -1
 iasi_metop-b         7865  -1    2.480    0.000    6.000   10.000    0.000     -1     -1     -1
 iasi_metop-b         7885  -1    2.500    0.000    6.000   10.000    0.000     -1     -1     -1
 iasi_metop-b         7888  -1    2.500    0.000    6.000   10.000    0.000     -1     -1     -1
 iasi_metop-b         7912  -1    2.520    0.000    6.000   10.000    0.000     -1     -1     -1
 iasi_metop-b         7950  -1    2.520    0.000    6.000   10.000    0.000     -1     -1     -1
 iasi_metop-b         7972  -1    2.480    0.000    6.000   10.000    0.000     -1     -1     -1
 iasi_metop-b         7980  -1    2.500    0.000    6.000   10.000    0.000     -1     -1     -1
 iasi_metop-b         7995  -1    2.500    0.000    6.000   10.000    0.000     -1     -1     -1
 iasi_metop-b         8007  -1    2.520    0.000    6.000   10.000    0.000     -1     -1     -1
 iasi_metop-b         8015  -1    2.460    0.000    6.000   10.000    0.000     -1     -1     -1
 iasi_metop-b         8055  -1    2.530    0.000    6.000   10.000    0.000     -1     -1     -1
 iasi_metop-b         8078  -1    9.000    0.000    6.000   10.000    0.000     -1     -1     -1
 abi_g16                 7  -1    1.400    0.000    2.500   10.000    0.000     -2     -1     -1
 abi_g16                 8   1    3.000    0.000    4.000   10.000    0.000     -2     -1     -1
 abi_g16                 9  -1    2.500    0.000    4.000   10.000    0.000     -2     -1     -1
 abi_g16                10   1    2.200    0.000    3.500   10.000    0.000     -2     -1     -1
 abi_g16                11  -1    2.000    0.000    2.500   10.000    0.000     -2     -1     -1
 abi_g16                12  -1    2.000    0.000    2.500   10.000    0.000     -2     -1     -1
 abi_g16                13  -1    2.000    0.000    2.500   10.000    0.000     -2     -1     -1
 abi_g16                14  -1    2.000    0.000    2.500   10.000    0.000     -2     -1     -1
 abi_g16                15  -1    2.000    0.000    2.500   10.000    0.000     -2     -1     -1
 abi_g16                16  -1    2.000    0.000    2.500   10.000    0.000     -2     -1     -1
 abi_g17                 7  -1    1.400    0.000    2.500   10.000    0.000     -2     -1     -1
 abi_g17                 8  -1    3.000    0.000    4.000   10.000    0.000     -2     -1     -1
 abi_g17                 9  -1    2.500    0.000    4.000   10.000    0.000     -2     -1     -1
 abi_g17                10  -1    2.200    0.000    3.500   10.000    0.000     -2     -1     -1
 abi_g17                11  -1    2.000    0.000    2.500   10.000    0.000     -2     -1     -1
 abi_g17                12  -1    2.000    0.000    2.500   10.000    0.000     -2     -1     -1
 abi_g17                13  -1    2.000    0.000    2.500   10.000    0.000     -2     -1     -1
 abi_g17                14  -1    2.000    0.000    2.500   10.000    0.000     -2     -1     -1
 abi_g17                15  -1    2.000    0.000    2.500   10.000    0.000     -2     -1     -1
 abi_g17                16  -1    2.000    0.000    2.500   10.000    0.000     -2     -1     -1
 abi_g18                 7  -1    1.400    0.000    2.500   10.000    0.000     -2     -1     -1
 abi_g18                 8   1    3.000    0.000    4.000   10.000    0.000     -2     -1     -1
 abi_g18                 9   1    2.500    0.000    4.000   10.000    0.000     -2     -1     -1
 abi_g18                10   1    2.200    0.000    3.500   10.000    0.000     -2     -1     -1
 abi_g18                11  -1    2.000    0.000    2.500   10.000    0.000     -2     -1     -1
 abi_g18                12  -1    2.000    0.000    2.500   10.000    0.000     -2     -1     -1
 abi_g18                13  -1    2.000    0.000    2.500   10.000    0.000     -2     -1     -1
 abi_g18                14  -1    2.000    0.000    2.500   10.000    0.000     -2     -1     -1
 abi_g18                15  -1    2.000    0.000    2.500   10.000    0.000     -2     -1     -1
 abi_g18                16  -1    2.000    0.000    2.500   10.000    0.000     -2     -1     -1
 ssmis_f17               1   1    1.500    0.000    6.000   10.000    0.000     -2     -1     -1
 ssmis_f17               2  -1    0.500    0.000    6.000   10.000    0.000     -2     -1     -1
 ssmis_f17               3  -1    0.500    0.000    6.000   10.000    0.000     -2     -1     -1
 ssmis_f17               4  -1    0.500    0.000    6.000   10.000    0.000     -2     -1     -1
 ssmis_f17               5   1    0.500    0.000    6.000   10.000    0.000     -2     -1     -1
 ssmis_f17               6   1    1.000    0.000    6.000   10.000    0.000     -2     -1     -1
 ssmis_f17               7   1    1.000    0.000    6.000   10.000    0.000     -2     -1     -1
 ssmis_f17               8  -1    3.000    0.000    6.000   10.000    0.000     -2     -1     -1
 ssmis_f17               9  -1    3.000    0.000    6.000   10.000    0.000     -2     -1     -1
 ssmis_f17              10  -1    3.000    0.000    6.000   10.000    0.000     -2     -1     -1
 ssmis_f17              11  -1    3.000    0.000    6.000   10.000    0.000     -2     -1     -1
 ssmis_f17              12  -1    2.400    0.000    6.000   10.000    0.000     -2     -1     -1
 ssmis_f17              13  -1    1.270    0.000    6.000   10.000    0.000     -2     -1     -1
 ssmis_f17              14  -1    1.440    0.000    6.000   10.000    0.000     -2     -1     -1
 ssmis_f17              15  -1    3.000    0.000    6.000   10.000    0.000     -2     -1     -1
 ssmis_f17              16  -1    1.340    0.000    6.000   10.000    0.000     -2     -1     -1
 ssmis_f17              17  -1    1.740    0.000    6.000   10.000    0.000     -2     -1     -1
 ssmis_f17              18  -1    3.750    0.000    6.000   10.000    0.000     -2     -1     -1
 ssmis_f17              19  -1    3.000    0.000    6.000   10.000    0.000     -2     -1     -1
 ssmis_f17              20  -1    3.000    0.000    6.000   10.000    0.000     -2     -1     -1
 ssmis_f17              21  -1    2.000    0.000    6.000   10.000    0.000     -2     -1     -1
 ssmis_f17              22  -1    6.400    0.000    6.000   10.000    0.000     -2     -1     -1
 ssmis_f17              23  -1    1.000    0.000    6.000   10.000    0.000     -2     -1     -1
 ssmis_f17              24   1    1.000    0.000    6.000   10.000    0.000     -2     -1     -1
 ssmis_f18               1  -1    1.500    0.000    6.000   10.000    0.000     -2     -1     -1
 ssmis_f18               2  -1    0.500    0.000    6.000   10.000    0.000     -2     -1     -1
 ssmis_f18               3  -1    0.500    0.000    6.000   10.000    0.000     -2     -1     -1
 ssmis_f18               4  -1    0.500    0.000    6.000   10.000    0.000     -2     -1     -1
 ssmis_f18               5  -1    0.500    0.000    6.000   10.000    0.000     -2     -1     -1
 ssmis_f18               6  -1    1.000    0.000    6.000   10.000    0.000     -2     -1     -1
 ssmis_f18               7  -1    1.000    0.000    6.000   10.000    0.000     -2     -1     -1
 ssmis_f18               8  -1    3.000    0.000    6.000   10.000    0.000     -2     -1     -1
 ssmis_f18               9  -1    3.000    0.000    6.000   10.000    0.000     -2     -1     -1
 ssmis_f18              10  -1    3.000    0.000    6.000   10.000    0.000     -2     -1     -1
 ssmis_f18              11  -1    3.000    0.000    6.000   10.000    0.000     -2     -1     -1
 ssmis_f18              12  -1    2.400    0.000    6.000   10.000    0.000     -2     -1     -1
 ssmis_f18              13  -1    1.270    0.000    6.000   10.000    0.000     -2     -1     -1
 ssmis_f18              14  -1    1.440    0.000    6.000   10.000    0.000     -2     -1     -1
 ssmis_f18              15  -1    3.000    0.000    6.000   10.000    0.000     -2     -1     -1
 ssmis_f18              16  -1    1.340    0.000    6.000   10.000    0.000     -2     -1     -1
 ssmis_f18              17  -1    1.740    0.000    6.000   10.000    0.000     -2     -1     -1
 ssmis_f18              18  -1    3.750    0.000    6.000   10.000    0.000     -2     -1     -1
 ssmis_f18              19  -1    3.000    0.000    6.000   10.000    0.000     -2     -1     -1
 ssmis_f18              20  -1    3.000    0.000    6.000   10.000    0.000     -2     -1     -1
 ssmis_f18              21  -1    2.000    0.000    6.000   10.000    0.000     -2     -1     -1
 ssmis_f18              22  -1    6.400    0.000    6.000   10.000    0.000     -2     -1     -1
 ssmis_f18              23  -1    1.000    0.000    6.000   10.000    0.000     -2     -1     -1
 ssmis_f18              24  -1    1.000    0.000    6.000   10.000    0.000     -2     -1     -1
 cris-fsr_n20           19  -1    1.000    0.000    2.000   10.000    0.000     -1     -1     -1
 cris-fsr_n20           24   1    0.700    0.000    2.000   10.000    0.000      1     -1     -1
 cris-fsr_n20           26   1    0.700    0.000    2.000   10.000    0.000     -1     -1     -1
 cris-fsr_n20           27  -1    0.700    0.000    2.000   10.000    0.000     -1     -1     -1
 cris-fsr_n20           28   1    0.700    0.000    2.000   10.000    0.000     -1     -1     -1
 cris-fsr_n20           31  -1    1.359    0.000    2.000   10.000    0.000     -1     -1     -1
 cris-fsr_n20           32   1    0.600    0.000    2.000   10.000    0.000      1     -1     -1
 cris-fsr_n20           33  -1    0.600    0.000    2.000   10.000    0.000     -1     -1     -1
 cris-fsr_n20           37   1    0.600    0.000    2.000   10.000    0.000      1     -1     -1
 cris-fsr_n20           39   1    0.600    0.000    2.000   10.000    0.000     -1     -1     -1
 cris-fsr_n20           42   1    0.600    0.000    2.000   10.000    0.000      1     -1     -1
 cris-fsr_n20           44   1    0.600    0.000    2.000   10.000    0.000     -1     -1     -1
 cris-fsr_n20           47   1    0.600    0.000    2.000   10.000    0.000      1     -1     -1
 cris-fsr_n20           49   1    0.600    0.000    2.000   10.000    0.000     -1     -1     -1
 cris-fsr_n20           50  -1    1.000    0.000    2.000   10.000    0.000     -1     -1     -1
 cris-fsr_n20           51   1    0.600    0.000    2.000   10.000    0.000      1     -1     -1
 cris-fsr_n20           52  -1    1.000    0.000    2.000   10.000    0.000     -1     -1     -1
 cris-fsr_n20           53   1    0.600    0.000    2.000   10.000    0.000     -1     -1     -1
 cris-fsr_n20           54  -1    1.000    0.000    2.000   10.000    0.000     -1     -1     -1
 cris-fsr_n20           55   1    0.500    0.000    2.000   10.000    0.000      1     -1     -1
 cris-fsr_n20           56  -1    1.000    0.000    2.000   10.000    0.000     -1     -1     -1
 cris-fsr_n20           57   1    0.500    0.000    2.000   10.000    0.000     -1     -1     -1
 cris-fsr_n20           58  -1    1.000    0.000    2.000   10.000    0.000     -1     -1     -1
 cris-fsr_n20           59   1    0.600    0.000    2.000   10.000    0.000      1     -1     -1
 cris-fsr_n20           60  -1    1.000    0.000    2.000   10.000    0.000     -1     -1     -1
 cris-fsr_n20           61   1    0.500    0.000    2.000   10.000    0.000     -1     -1     -1
 cris-fsr_n20           62  -1    1.000    0.000    2.000   10.000    0.000     -1     -1     -1
 cris-fsr_n20           63   1    0.500    0.000    2.000   10.000    0.000      1     -1     -1
 cris-fsr_n20           64  -1    0.756    0.000    2.000   10.000    0.000     -1     -1     -1
 cris-fsr_n20           65   1    0.500    0.000    2.000   10.000    0.000     -1     -1     -1
 cris-fsr_n20           66  -1    1.000    0.000    2.000   10.000    0.000     -1     -1     -1
 cris-fsr_n20           67   1    0.500    0.000    2.000   10.000    0.000      1     -1     -1
 cris-fsr_n20           68  -1    1.000    0.000    2.000   10.000    0.000     -1     -1     -1
 cris-fsr_n20           69   1    0.500    0.000    2.000   10.000    0.000     -1     -1     -1
 cris-fsr_n20           70  -1    1.000    0.000    2.000   10.000    0.000     -1     -1     -1
 cris-fsr_n20           71   1    0.500    0.000    2.000   10.000    0.000      1     -1     -1
 cris-fsr_n20           72  -1    1.000    0.000    2.000   10.000    0.000     -1     -1     -1
 cris-fsr_n20           73   1    0.500    0.000    2.000   10.000    0.000     -1     -1     -1
 cris-fsr_n20           74  -1    1.000    0.000    2.000   10.000    0.000     -1     -1     -1
 cris-fsr_n20           75   1    0.500    0.000    2.000   10.000    0.000      1     -1     -1
 cris-fsr_n20           76  -1    1.000    0.000    2.000   10.000    0.000     -1     -1     -1
 cris-fsr_n20           77   1    0.500    0.000    2.000   10.000    0.000     -1     -1     -1
 cris-fsr_n20           78  -1    1.000    0.000    2.000   10.000    0.000     -1     -1     -1
 cris-fsr_n20           79   1    0.500    0.000    2.000   10.000    0.000      1     -1     -1
 cris-fsr_n20           80  -1    0.600    0.000    2.000   10.000    0.000     -1     -1     -1
 cris-fsr_n20           81   1    0.500    0.000    2.000   10.000    0.000     -1     -1     -1
 cris-fsr_n20           82  -1    1.000    0.000    2.000   10.000    0.000     -1     -1     -1
 cris-fsr_n20           83   1    0.500    0.000    2.000   10.000    0.000      1     -1     -1
 cris-fsr_n20           84  -1    1.000    0.000    2.000   10.000    0.000     -1     -1     -1
 cris-fsr_n20           85   1    0.500    0.000    2.000   10.000    0.000     -1     -1     -1
 cris-fsr_n20           86  -1    1.000    0.000    2.000   10.000    0.000     -1     -1     -1
 cris-fsr_n20           87   1    0.500    0.000    2.000   10.000    0.000      1     -1     -1
 cris-fsr_n20           88  -1    0.600    0.000    2.000   10.000    0.000     -1     -1     -1
 cris-fsr_n20           89   1    0.500    0.000    2.000   10.000    0.000     -1     -1     -1
 cris-fsr_n20           90  -1    1.000    0.000    2.000   10.000    0.000     -1     -1     -1
 cris-fsr_n20           91   1    0.450    0.000    2.000   10.000    0.000      1     -1     -1
 cris-fsr_n20           92  -1    1.000    0.000    2.000   10.000    0.000     -1     -1     -1
 cris-fsr_n20           93   1    0.450    0.000    2.000   10.000    0.000     -1     -1     -1
 cris-fsr_n20           94  -1    1.000    0.000    2.000   10.000    0.000     -1     -1     -1
 cris-fsr_n20           95   1    0.450    0.000    2.000   10.000    0.000      1     -1     -1
 cris-fsr_n20           96  -1    0.635    0.000    2.000   10.000    0.000     -1     -1     -1
 cris-fsr_n20           97   1    0.450    0.000    2.000   10.000    0.000     -1     -1     -1
 cris-fsr_n20           98  -1    1.000    0.000    2.000   10.000    0.000     -1     -1     -1
 cris-fsr_n20           99   1    0.450    0.000    2.000   10.000    0.000      1     -1     -1
 cris-fsr_n20          100  -1    1.000    0.000    2.000   10.000    0.000     -1     -1     -1
 cris-fsr_n20          101  -1    0.450    0.000    2.000   10.000    0.000     -1     -1     -1
 cris-fsr_n20          102  -1    0.735    0.000    2.000   10.000    0.000     -1     -1     -1
 cris-fsr_n20          103   1    0.450    0.000    2.000   10.000    0.000      1     -1     -1
 cris-fsr_n20          104  -1    0.878    0.000    2.000   10.000    0.000     -1     -1     -1
 cris-fsr_n20          105   1    0.450    0.000    2.000   10.000    0.000     -1     -1     -1
 cris-fsr_n20          106  -1    0.696    0.000    2.000   10.000    0.000     -1     -1     -1
 cris-fsr_n20          107   1    0.400    0.000    2.000   10.000    0.000      1     -1     -1
 cris-fsr_n20          108  -1    2.000    0.000    2.000   10.000    0.000     -1     -1     -1
 cris-fsr_n20          109   1    0.400    0.000    2.000   10.000    0.000     -1     -1     -1
 cris-fsr_n20          110  -1    1.000    0.000    2.000   10.000    0.000     -1     -1     -1
 cris-fsr_n20          111   1    0.400    0.000    2.000   10.000    0.000      1     -1     -1
 cris-fsr_n20          112  -1    1.000    0.000    2.000   10.000    0.000     -1     -1     -1
 cris-fsr_n20          113   1    0.400    0.000    2.000   10.000    0.000     -1     -1     -1
 cris-fsr_n20          114  -1    1.000    0.000    2.000   10.000    0.000     -1     -1     -1
 cris-fsr_n20          115   1    0.400    0.000    2.000   10.000    0.000      1     -1     -1
 cris-fsr_n20          116  -1    0.600    0.000    2.000   10.000    0.000     -1     -1     -1
 cris-fsr_n20          117   1    0.350    0.000    2.000   10.000    0.000     -1     -1     -1
 cris-fsr_n20          118  -1    1.000    0.000    2.000   10.000    0.000     -1     -1     -1
 cris-fsr_n20          119   1    0.350    0.000    2.000   10.000    0.000      1     -1     -1
 cris-fsr_n20          120  -1    0.701    0.000    2.000   10.000    0.000     -1     -1     -1
 cris-fsr_n20          121   1    0.350    0.000    2.000   10.000    0.000     -1     -1     -1
 cris-fsr_n20          122  -1    1.000    0.000    2.000   10.000    0.000     -1     -1     -1
 cris-fsr_n20          123   1    0.350    0.000    2.000   10.000    0.000      1     -1     -1
 cris-fsr_n20          124  -1    0.600    0.000    2.000   10.000    0.000     -1     -1     -1
 cris-fsr_n20          125   1    0.350    0.000    2.000   10.000    0.000     -1     -1     -1
 cris-fsr_n20          126  -1    0.663    0.000    2.000   10.000    0.000     -1     -1     -1
 cris-fsr_n20          127   1    0.350    0.000    2.000   10.000    0.000      1     -1     -1
 cris-fsr_n20          128  -1    1.000    0.000    2.000   10.000    0.000     -1     -1     -1
 cris-fsr_n20          129   1    0.350    0.000    2.000   10.000    0.000     -1     -1     -1
 cris-fsr_n20          130  -1    1.083    0.000    2.000   10.000    0.000     -1     -1     -1
 cris-fsr_n20          131   1    0.350    0.000    2.000   10.000    0.000      1     -1     -1
 cris-fsr_n20          132  -1    0.600    0.000    2.000   10.000    0.000     -1     -1     -1
 cris-fsr_n20          133   1    0.350    0.000    2.000   10.000    0.000     -1     -1     -1
 cris-fsr_n20          134  -1    1.000    0.000    2.000   10.000    0.000     -1     -1     -1
 cris-fsr_n20          135   1    0.350    0.000    2.000   10.000    0.000      1     -1     -1
 cris-fsr_n20          136  -1    0.600    0.000    2.000   10.000    0.000     -1     -1     -1
 cris-fsr_n20          137   1    0.350    0.000    2.000   10.000    0.000     -1     -1     -1
 cris-fsr_n20          138  -1    0.600    0.000    2.000   10.000    0.000     -1     -1     -1
 cris-fsr_n20          139   1    0.350    0.000    2.000   10.000    0.000      1     -1     -1
 cris-fsr_n20          140  -1    1.000    0.000    2.000   10.000    0.000     -1     -1     -1
 cris-fsr_n20          141   1    0.300    0.000    2.000   10.000    0.000     -1     -1     -1
 cris-fsr_n20          142  -1    0.600    0.000    2.000   10.000    0.000     -1     -1     -1
 cris-fsr_n20          143   1    0.300    0.000    2.000   10.000    0.000      1     -1     -1
 cris-fsr_n20          144  -1    0.600    0.000    2.000   10.000    0.000     -1     -1     -1
 cris-fsr_n20          145   1    0.300    0.000    2.000   10.000    0.000     -1     -1     -1
 cris-fsr_n20          146  -1    1.000    0.000    2.000   10.000    0.000     -1     -1     -1
 cris-fsr_n20          147   1    0.300    0.000    2.000   10.000    0.000      1     -1     -1
 cris-fsr_n20          148  -1    0.600    0.000    2.000   10.000    0.000     -1     -1     -1
 cris-fsr_n20          149   1    0.300    0.000    2.000   10.000    0.000     -1     -1     -1
 cris-fsr_n20          150  -1    0.600    0.000    2.000   10.000    0.000     -1     -1     -1
 cris-fsr_n20          151   1    0.300    0.000    2.000   10.000    0.000      1     -1     -1
 cris-fsr_n20          152  -1    1.000    0.000    2.000   10.000    0.000     -1     -1     -1
 cris-fsr_n20          153   1    0.300    0.000    2.000   10.000    0.000     -1     -1     -1
 cris-fsr_n20          154  -1    0.600    0.000    2.000   10.000    0.000     -1     -1     -1
 cris-fsr_n20          155   1    0.300    0.000    2.000   10.000    0.000      1     -1     -1
 cris-fsr_n20          156  -1    1.000    0.000    2.000   10.000    0.000     -1     -1     -1
 cris-fsr_n20          157   1    0.300    0.000    2.000   10.000    0.000     -1     -1     -1
 cris-fsr_n20          158  -1    0.773    0.000    2.000   10.000    0.000     -1     -1     -1
 cris-fsr_n20          159   1    0.300    0.000    2.000   10.000    0.000      1     -1     -1
 cris-fsr_n20          160  -1    0.600    0.000    2.000   10.000    0.000     -1     -1     -1
 cris-fsr_n20          161  -1    0.600    0.000    2.000   10.000    0.000     -1     -1     -1
 cris-fsr_n20          162  -1    0.600    0.000    2.000   10.000    0.000     -1     -1     -1
 cris-fsr_n20          163   1    0.300    0.000    2.000   10.000    0.000      1     -1     -1
 cris-fsr_n20          164  -1    0.813    0.000    2.000   10.000    0.000     -1     -1     -1
 cris-fsr_n20          165  -1    0.907    0.000    2.000   10.000    0.000     -1     -1     -1
 cris-fsr_n20          166  -1    0.802    0.000    2.000   10.000    0.000     -1     -1     -1
 cris-fsr_n20          167   1    0.300    0.000    2.000   10.000    0.000      1     -1     -1
 cris-fsr_n20          168  -1    1.493    0.000    2.000   10.000    0.000     -1     -1     -1
 cris-fsr_n20          169  -1    1.000    0.000    2.000   10.000    0.000     -1     -1     -1
 cris-fsr_n20          170  -1    0.856    0.000    2.000   10.000    0.000     -1     -1     -1
 cris-fsr_n20          171   1    0.300    0.000    2.000   10.000    0.000      1     -1     -1
 cris-fsr_n20          172  -1    1.000    0.000    2.000   10.000    0.000     -1     -1     -1
 cris-fsr_n20          173  -1    0.600    0.000    2.000   10.000    0.000     -1     -1     -1
 cris-fsr_n20          174  -1    1.000    0.000    2.000   10.000    0.000     -1     -1     -1
 cris-fsr_n20          175   1    0.300    0.000    2.000   10.000    0.000      1     -1     -1
 cris-fsr_n20          176  -1    1.000    0.000    2.000   10.000    0.000     -1     -1     -1
 cris-fsr_n20          177  -1    1.000    0.000    2.000   10.000    0.000     -1     -1     -1
 cris-fsr_n20          178  -1    1.000    0.000    2.000   10.000    0.000     -1     -1     -1
 cris-fsr_n20          179   1    0.300    0.000    2.000   10.000    0.000      1     -1     -1
 cris-fsr_n20          180  -1    1.000    0.000    2.000   10.000    0.000     -1     -1     -1
 cris-fsr_n20          181  -1    1.000    0.000    2.000   10.000    0.000     -1     -1     -1
 cris-fsr_n20          182  -1    1.000    0.000    2.000   10.000    0.000     -1     -1     -1
 cris-fsr_n20          183   1    0.300    0.000    2.000   10.000    0.000      1     -1     -1
 cris-fsr_n20          184  -1    1.000    0.000    2.000   10.000    0.000     -1     -1     -1
 cris-fsr_n20          185  -1    1.000    0.000    2.000   10.000    0.000     -1     -1     -1
 cris-fsr_n20          186  -1    1.000    0.000    2.000   10.000    0.000     -1     -1     -1
 cris-fsr_n20          187   1    0.300    0.000    2.000   10.000    0.000      1     -1     -1
 cris-fsr_n20          188  -1    1.000    0.000    2.000   10.000    0.000     -1     -1     -1
 cris-fsr_n20          189  -1    1.000    0.000    2.000   10.000    0.000     -1     -1     -1
 cris-fsr_n20          190   1    0.300    0.000    2.000   10.000    0.000      1     -1     -1
 cris-fsr_n20          191  -1    1.000    0.000    2.000   10.000    0.000     -1     -1     -1
 cris-fsr_n20          192  -1    1.000    0.000    2.000   10.000    0.000     -1     -1     -1
 cris-fsr_n20          193  -1    1.000    0.000    2.000   10.000    0.000     -1     -1     -1
 cris-fsr_n20          194   1    0.300    0.000    2.000   10.000    0.000      1     -1     -1
 cris-fsr_n20          195  -1    1.000    0.000    2.000   10.000    0.000     -1     -1     -1
 cris-fsr_n20          196  -1    1.000    0.000    2.000   10.000    0.000     -1     -1     -1
 cris-fsr_n20          197   1    0.300    0.000    2.000   10.000    0.000      1     -1     -1
 cris-fsr_n20          198  -1    2.000    0.000    2.000   10.000    0.000     -1     -1     -1
 cris-fsr_n20          199  -1    1.000    0.000    2.000   10.000    0.000     -1     -1     -1
 cris-fsr_n20          200   1    0.300    0.000    2.000   10.000    0.000      1     -1     -1
 cris-fsr_n20          208  -1    1.000    0.000    2.000   10.000    0.000     -1     -1     -1
 cris-fsr_n20          211   1    0.300    0.000    2.000   10.000    0.000      1     -1     -1
 cris-fsr_n20          216  -1    1.000    0.000    2.000   10.000    0.000     -1     -1     -1
 cris-fsr_n20          224   1    0.300    0.000    2.000   10.000    0.000      1     -1     -1
 cris-fsr_n20          234  -1    1.000    0.000    2.000   10.000    0.000     -1     -1     -1
 cris-fsr_n20          236  -1    1.000    0.000    2.000   10.000    0.000     -1     -1     -1
 cris-fsr_n20          238  -1    1.000    0.000    2.000   10.000    0.000     -1     -1     -1
 cris-fsr_n20          239  -1    1.000    0.000    2.000   10.000    0.000     -1     -1     -1
 cris-fsr_n20          242  -1    1.000    0.000    2.000   10.000    0.000     -1     -1     -1
 cris-fsr_n20          246  -1    1.000    0.000    2.000   10.000    0.000     -1     -1     -1
 cris-fsr_n20          248  -1    1.000    0.000    2.000   10.000    0.000     -1     -1     -1
 cris-fsr_n20          255  -1    1.000    0.000    2.000   10.000    0.000     -1     -1     -1
 cris-fsr_n20          264  -1    1.000    0.000    2.000   10.000    0.000     -1     -1     -1
 cris-fsr_n20          266  -1    1.000    0.000    2.000   10.000    0.000     -1     -1     -1
 cris-fsr_n20          268  -1    1.000    0.000    2.000   10.000    0.000     -1     -1     -1
 cris-fsr_n20          275   1    1.000    0.000    2.000   10.000    0.000     -1     -1     -1
 cris-fsr_n20          279   1    0.300    0.000    2.000   10.000    0.000      1     -1     -1
 cris-fsr_n20          283  -1    1.000    0.000    2.000   10.000    0.000     -1     -1     -1
 cris-fsr_n20          285  -1    1.000    0.000    2.000   10.000    0.000     -1     -1     -1
 cris-fsr_n20          291   1    0.300    0.000    2.000   10.000    0.000     -1     -1     -1
 cris-fsr_n20          295  -1    1.000    0.000    2.000   10.000    0.000     -1     -1     -1
 cris-fsr_n20          301  -1    1.000    0.000    2.000   10.000    0.000     -1     -1     -1
 cris-fsr_n20          305  -1    1.000    0.000    2.000   10.000    0.000     -1     -1     -1
 cris-fsr_n20          311   1    0.300    0.000    2.000   10.000    0.000      1     -1     -1
 cris-fsr_n20          332   1    0.300    0.000    2.000   10.000    0.000     -1     -1     -1
 cris-fsr_n20          342   1    0.300    0.000    2.000   10.000    0.000      1     -1     -1
 cris-fsr_n20          389   1    0.500    0.000    2.000   10.000    0.000      1     -1     -1
 cris-fsr_n20          400  -1    1.000    0.000    2.000   10.000    0.000     -1     -1     -1
 cris-fsr_n20          402  -1    1.000    0.000    2.000   10.000    0.000     -1     -1     -1
 cris-fsr_n20          404  -1    2.000    0.000    2.000   10.000    0.000     -1     -1     -1
 cris-fsr_n20          406  -1    1.000    0.000    2.000   10.000    0.000     -1     -1     -1
 cris-fsr_n20          410   1    0.500    0.000    2.000   10.000    0.000      1     -1     -1
 cris-fsr_n20          427   1    0.500    0.000    2.000   10.000    0.000      1     -1     -1
 cris-fsr_n20          439  -1    1.000    0.000    2.000   10.000    0.000     -1     -1     -1
 cris-fsr_n20          440  -1    1.000    0.000    2.000   10.000    0.000     -1     -1     -1
 cris-fsr_n20          441  -1    1.000    0.000    2.000   10.000    0.000     -1     -1     -1
 cris-fsr_n20          445  -1    1.000    0.000    2.000   10.000    0.000     -1     -1     -1
 cris-fsr_n20          449  -1    1.000    0.000    2.000   10.000    0.000     -1     -1     -1
 cris-fsr_n20          455  -1    1.000    0.000    2.000   10.000    0.000     -1     -1     -1
 cris-fsr_n20          458  -1    1.000    0.000    2.000   10.000    0.000     -1     -1     -1
 cris-fsr_n20          461  -1    1.000    0.000    2.000   10.000    0.000     -1     -1     -1
 cris-fsr_n20          464   1    1.000    0.000    2.000   10.000    0.000      1     -1     -1
 cris-fsr_n20          467  -1    1.000    0.000    2.000   10.000    0.000     -1     -1     -1
 cris-fsr_n20          470  -1    1.000    0.000    2.000   10.000    0.000     -1     -1     -1
 cris-fsr_n20          473  -1    1.000    0.000    2.000   10.000    0.000     -1     -1     -1
 cris-fsr_n20          475  -1    1.000    0.000    2.000   10.000    0.000     -1     -1     -1
 cris-fsr_n20          482   1    0.500    0.000    2.000   10.000    0.000      1     -1     -1
 cris-fsr_n20          486  -1    1.000    0.000    2.000   10.000    0.000     -1     -1     -1
 cris-fsr_n20          487  -1    1.000    0.000    2.000   10.000    0.000     -1     -1     -1
 cris-fsr_n20          490  -1    1.000    0.000    2.000   10.000    0.000     -1     -1     -1
 cris-fsr_n20          493  -1    1.000    0.000    2.000   10.000    0.000     -1     -1     -1
 cris-fsr_n20          496  -1    1.000    0.000    2.000   10.000    0.000     -1     -1     -1
 cris-fsr_n20          499  -1    1.000    0.000    2.000   10.000    0.000     -1     -1     -1
 cris-fsr_n20          501   1    0.500    0.000    2.000   10.000    0.000      1     -1     -1
 cris-fsr_n20          503  -1    1.000    0.000    2.000   10.000    0.000     -1     -1     -1
 cris-fsr_n20          505  -1    1.000    0.000    2.000   10.000    0.000     -1     -1     -1
 cris-fsr_n20          511  -1    1.000    0.000    2.000   10.000    0.000     -1     -1     -1
 cris-fsr_n20          513  -1    1.000    0.000    2.000   10.000    0.000     -1     -1     -1
 cris-fsr_n20          514  -1    1.000    0.000    2.000   10.000    0.000     -1     -1     -1
 cris-fsr_n20          518  -1    1.000    0.000    2.000   10.000    0.000     -1     -1     -1
 cris-fsr_n20          519  -1    1.000    0.000    2.000   10.000    0.000     -1     -1     -1
 cris-fsr_n20          520  -1    1.000    0.000    2.000   10.000    0.000     -1     -1     -1
 cris-fsr_n20          522  -1    1.000    0.000    2.000   10.000    0.000     -1     -1     -1
 cris-fsr_n20          529   1    0.500    0.000    2.000   10.000    0.000      1     -1     -1
 cris-fsr_n20          534  -1    1.000    0.000    2.000   10.000    0.000     -1     -1     -1
 cris-fsr_n20          563  -1    1.000    0.000    2.000   10.000    0.000     -1     -1     -1
 cris-fsr_n20          568  -1    1.000    0.000    2.000   10.000    0.000     -1     -1     -1
 cris-fsr_n20          575  -1    1.000    0.000    2.000   10.000    0.000     -1     -1     -1
 cris-fsr_n20          592  -1    1.000    0.000    2.000   10.000    0.000     -1     -1     -1
 cris-fsr_n20          594  -1    1.000    0.000    2.000   10.000    0.000     -1     -1     -1
 cris-fsr_n20          596  -1    1.000    0.000    2.000   10.000    0.000     -1     -1     -1
 cris-fsr_n20          598  -1    1.000    0.000    2.000   10.000    0.000     -1     -1     -1
 cris-fsr_n20          600  -1    1.000    0.000    2.000   10.000    0.000     -1     -1     -1
 cris-fsr_n20          602  -1    1.000    0.000    2.000   10.000    0.000     -1     -1     -1
 cris-fsr_n20          604  -1    1.000    0.000    2.000   10.000    0.000     -1     -1     -1
 cris-fsr_n20          611  -1    1.000    0.000    2.000   10.000    0.000     -1     -1     -1
 cris-fsr_n20          614  -1    1.000    0.000    2.000   10.000    0.000     -1     -1     -1
 cris-fsr_n20          616  -1    1.000    0.000    2.000   10.000    0.000     -1     -1     -1
 cris-fsr_n20          618  -1    1.000    0.000    2.000   10.000    0.000     -1     -1     -1
 cris-fsr_n20          620  -1    1.000    0.000    2.000   10.000    0.000     -1     -1     -1
 cris-fsr_n20          622  -1    1.000    0.000    2.000   10.000    0.000     -1     -1     -1
 cris-fsr_n20          626  -1    1.000    0.000    2.000   10.000    0.000     -1     -1     -1
 cris-fsr_n20          631  -1    1.000    0.000    2.000   10.000    0.000     -1     -1     -1
 cris-fsr_n20          638  -1    1.000    0.000    2.000   10.000    0.000     -1     -1     -1
 cris-fsr_n20          646  -1    1.000    0.000    2.000   10.000    0.000     -1     -1     -1
 cris-fsr_n20          648  -1    1.000    0.000    2.000   10.000    0.000     -1     -1     -1
 cris-fsr_n20          652  -1    1.000    0.000    2.000   10.000    0.000     -1     -1     -1
 cris-fsr_n20          659  -1    1.000    0.000    2.000   10.000    0.000     -1     -1     -1
 cris-fsr_n20          673  -1    1.000    0.000    2.000   10.000    0.000     -1     -1     -1
 cris-fsr_n20          675  -1    1.000    0.000    2.000   10.000    0.000     -1     -1     -1
 cris-fsr_n20          678  -1    1.000    0.000    2.000   10.000    0.000     -1     -1     -1
 cris-fsr_n20          684  -1    1.000    0.000    2.000   10.000    0.000     -1     -1     -1
 cris-fsr_n20          688  -1    1.000    0.000    2.000   10.000    0.000     -1     -1     -1
 cris-fsr_n20          694  -1    1.000    0.000    2.000   10.000    0.000     -1     -1     -1
 cris-fsr_n20          700  -1    1.000    0.000    2.000   10.000    0.000     -1     -1     -1
 cris-fsr_n20          707  -1    1.000    0.000    2.000   10.000    0.000     -1     -1     -1
 cris-fsr_n20          710   1    0.500    0.000    2.000   10.000    0.000      1     -1     -1
 cris-fsr_n20          713   1    0.500    0.000    2.000   10.000    0.000      1     -1     -1
 cris-fsr_n20          714  -1    1.000    0.000    2.000   10.000    0.000     -1     -1     -1
 cris-fsr_n20          718  -1    1.000    0.000    2.000   10.000    0.000     -1     -1     -1
 cris-fsr_n20          720  -1    1.000    0.000    2.000   10.000    0.000     -1     -1     -1
 cris-fsr_n20          722  -1    1.000    0.000    2.000   10.000    0.000     -1     -1     -1
 cris-fsr_n20          725  -1    1.000    0.000    2.000   10.000    0.000     -1     -1     -1
 cris-fsr_n20          728  -1    1.000    0.000    2.000   10.000    0.000     -1     -1     -1
 cris-fsr_n20          735  -1    1.000    0.000    2.000   10.000    0.000     -1     -1     -1
 cris-fsr_n20          742   1    0.500    0.000    2.000   10.000    0.000     -1     -1     -1
 cris-fsr_n20          748  -1    1.000    0.000    2.000   10.000    0.000     -1     -1     -1
 cris-fsr_n20          753  -1    1.000    0.000    2.000   10.000    0.000     -1     -1     -1
 cris-fsr_n20          762  -1    1.000    0.000    2.000   10.000    0.000     -1     -1     -1
 cris-fsr_n20          780  -1    1.000    0.000    2.000   10.000    0.000     -1     -1     -1
 cris-fsr_n20          784  -1    1.000    0.000    2.000   10.000    0.000     -1     -1     -1
 cris-fsr_n20          798  -1    1.000    0.000    2.000   10.000    0.000     -1     -1     -1
 cris-fsr_n20          849  -1    1.000    0.000    2.000   10.000    0.000     -1     -1     -1
 cris-fsr_n20          860  -1    1.000    0.000    2.000   10.000    0.000     -1     -1     -1
 cris-fsr_n20          862  -1    1.000    0.000    2.000   10.000    0.000     -1     -1     -1
 cris-fsr_n20          866  -1    1.000    0.000    2.000   10.000    0.000     -1     -1     -1
 cris-fsr_n20          874  -1    1.000    0.000    2.000   10.000    0.000     -1     -1     -1
 cris-fsr_n20          882   1    1.000    0.000    2.000   10.000    0.000     -1     -1     -1
 cris-fsr_n20          890   1    1.000    0.000    2.000   10.000    0.000     -1     -1     -1
 cris-fsr_n20          898  -1    1.000    0.000    2.000   10.000    0.000     -1     -1     -1
 cris-fsr_n20          906  -1    1.000    0.000    2.000   10.000    0.000     -1     -1     -1
 cris-fsr_n20          907  -1    1.000    0.000    2.000   10.000    0.000     -1     -1     -1
 cris-fsr_n20          908  -1    1.000    0.000    2.000   10.000    0.000     -1     -1     -1
 cris-fsr_n20          914  -1    1.000    0.000    2.000   10.000    0.000     -1     -1     -1
 cris-fsr_n20          937   1    1.000    0.000    2.000   10.000    0.000     -1     -1     -1
 cris-fsr_n20          972  -1    1.000    0.000    2.000   10.000    0.000     -1     -1     -1
 cris-fsr_n20          973  -1    1.000    0.000    2.000   10.000    0.000     -1     -1     -1
 cris-fsr_n20          978  -1    1.000    0.000    2.000   10.000    0.000     -1     -1     -1
 cris-fsr_n20          980  -1    1.000    0.000    2.000   10.000    0.000     -1     -1     -1
 cris-fsr_n20          981  -1    1.000    0.000    2.000   10.000    0.000     -1     -1     -1
 cris-fsr_n20          988  -1    1.000    0.000    2.000   10.000    0.000     -1     -1     -1
 cris-fsr_n20          995   1    1.000    0.000    2.000   10.000    0.000     -1     -1     -1
 cris-fsr_n20          998  -1    1.000    0.000    2.000   10.000    0.000     -1     -1     -1
 cris-fsr_n20         1000  -1    1.000    0.000    2.000   10.000    0.000     -1     -1     -1
 cris-fsr_n20         1003  -1    1.000    0.000    2.000   10.000    0.000     -1     -1     -1
 cris-fsr_n20         1008   1    1.000    0.000    2.000   10.000    0.000     -1     -1     -1
 cris-fsr_n20         1009  -1    1.000    0.000    2.000   10.000    0.000     -1     -1     -1
 cris-fsr_n20         1010  -1    1.000    0.000    2.000   10.000    0.000     -1     -1     -1
 cris-fsr_n20         1014  -1    1.000    0.000    2.000   10.000    0.000     -1     -1     -1
 cris-fsr_n20         1017  -1    1.000    0.000    2.000   10.000    0.000     -1     -1     -1
 cris-fsr_n20         1018  -1    1.000    0.000    2.000   10.000    0.000     -1     -1     -1
 cris-fsr_n20         1020  -1    1.000    0.000    2.000   10.000    0.000     -1     -1     -1
 cris-fsr_n20         1022   1    1.000    0.000    2.000   10.000    0.000     -1     -1     -1
 cris-fsr_n20         1024  -1    1.000    0.000    2.000   10.000    0.000     -1     -1     -1
 cris-fsr_n20         1026  -1    1.000    0.000    2.000   10.000    0.000     -1     -1     -1
 cris-fsr_n20         1029  -1    1.000    0.000    2.000   10.000    0.000     -1     -1     -1
 cris-fsr_n20         1030  -1    1.000    0.000    2.000   10.000    0.000     -1     -1     -1
 cris-fsr_n20         1032  -1    1.000    0.000    2.000   10.000    0.000     -1     -1     -1
 cris-fsr_n20         1034  -1    1.000    0.000    2.000   10.000    0.000     -1     -1     -1
 cris-fsr_n20         1037  -1    1.000    0.000    2.000   10.000    0.000     -1     -1     -1
 cris-fsr_n20         1038  -1    1.000    0.000    2.000   10.000    0.000     -1     -1     -1
 cris-fsr_n20         1041  -1    1.000    0.000    2.000   10.000    0.000     -1     -1     -1
 cris-fsr_n20         1042  -1    1.000    0.000    2.000   10.000    0.000     -1     -1     -1
 cris-fsr_n20         1044  -1    1.000    0.000    2.000   10.000    0.000     -1     -1     -1
 cris-fsr_n20         1046  -1    1.000    0.000    2.000   10.000    0.000     -1     -1     -1
 cris-fsr_n20         1049  -1    1.000    0.000    2.000   10.000    0.000     -1     -1     -1
 cris-fsr_n20         1050  -1    1.000    0.000    2.000   10.000    0.000     -1     -1     -1
 cris-fsr_n20         1053  -1    1.000    0.000    2.000   10.000    0.000     -1     -1     -1
 cris-fsr_n20         1054  -1    1.000    0.000    2.000   10.000    0.000     -1     -1     -1
 cris-fsr_n20         1058   1    1.000    0.000    2.000   10.000    0.000     -1     -1     -1
 cris-fsr_n20         1060  -1    1.000    0.000    2.000   10.000    0.000     -1     -1     -1
 cris-fsr_n20         1062  -1    1.000    0.000    2.000   10.000    0.000     -1     -1     -1
 cris-fsr_n20         1064  -1    1.000    0.000    2.000   10.000    0.000     -1     -1     -1
 cris-fsr_n20         1066  -1    1.000    0.000    2.000   10.000    0.000     -1     -1     -1
 cris-fsr_n20         1069  -1    1.000    0.000    2.000   10.000    0.000     -1     -1     -1
 cris-fsr_n20         1076  -1    1.000    0.000    2.000   10.000    0.000     -1     -1     -1
 cris-fsr_n20         1077  -1    1.000    0.000    2.000   10.000    0.000     -1     -1     -1
 cris-fsr_n20         1080  -1    1.000    0.000    2.000   10.000    0.000     -1     -1     -1
 cris-fsr_n20         1086  -1    1.000    0.000    2.000   10.000    0.000     -1     -1     -1
 cris-fsr_n20         1091  -1    1.000    0.000    2.000   10.000    0.000     -1     -1     -1
 cris-fsr_n20         1095  -1    1.000    0.000    2.000   10.000    0.000     -1     -1     -1
 cris-fsr_n20         1101  -1    1.000    0.000    2.000   10.000    0.000     -1     -1     -1
 cris-fsr_n20         1109  -1    1.000    0.000    2.000   10.000    0.000     -1     -1     -1
 cris-fsr_n20         1112  -1    1.000    0.000    2.000   10.000    0.000     -1     -1     -1
 cris-fsr_n20         1121  -1    1.000    0.000    2.000   10.000    0.000     -1     -1     -1
 cris-fsr_n20         1128  -1    1.000    0.000    2.000   10.000    0.000     -1     -1     -1
 cris-fsr_n20         1133  -1    1.000    0.000    2.000   10.000    0.000     -1     -1     -1
 cris-fsr_n20         1163  -1    1.000    0.000    2.000   10.000    0.000     -1     -1     -1
 cris-fsr_n20         1172  -1    1.000    0.000    2.000   10.000    0.000     -1     -1     -1
 cris-fsr_n20         1187  -1    1.000    0.000    2.000   10.000    0.000     -1     -1     -1
 cris-fsr_n20         1189  -1    1.000    0.000    2.000   10.000    0.000     -1     -1     -1
 cris-fsr_n20         1205  -1    1.000    0.000    2.000   10.000    0.000     -1     -1     -1
 cris-fsr_n20         1211  -1    1.000    0.000    2.000   10.000    0.000     -1     -1     -1
 cris-fsr_n20         1219  -1    1.000    0.000    2.000   10.000    0.000     -1     -1     -1
 cris-fsr_n20         1231  -1    1.000    0.000    2.000   10.000    0.000     -1     -1     -1
 cris-fsr_n20         1245  -1    1.000    0.000    2.000   10.000    0.000     -1     -1     -1
 cris-fsr_n20         1271  -1    1.000    0.000    2.000   10.000    0.000     -1     -1     -1
 cris-fsr_n20         1289  -1    1.000    0.000    2.000   10.000    0.000     -1     -1     -1
 cris-fsr_n20         1300  -1    1.000    0.000    2.000   10.000    0.000     -1     -1     -1
 cris-fsr_n20         1313  -1    1.000    0.000    2.000   10.000    0.000     -1     -1     -1
 cris-fsr_n20         1316  -1    1.000    0.000    2.000   10.000    0.000     -1     -1     -1
 cris-fsr_n20         1325  -1    1.000    0.000    2.000   10.000    0.000     -1     -1     -1
 cris-fsr_n20         1329  -1    1.000    0.000    2.000   10.000    0.000     -1     -1     -1
 cris-fsr_n20         1346  -1    1.000    0.000    2.000   10.000    0.000     -1     -1     -1
 cris-fsr_n20         1347  -1    1.000    0.000    2.000   10.000    0.000     -1     -1     -1
 cris-fsr_n20         1473  -1    1.000    0.000    2.000   10.000    0.000     -1     -1     -1
 cris-fsr_n20         1474  -1    1.000    0.000    2.000   10.000    0.000     -1     -1     -1
 cris-fsr_n20         1491  -1    1.000    0.000    2.000   10.000    0.000     -1     -1     -1
 cris-fsr_n20         1499  -1    1.000    0.000    2.000   10.000    0.000     -1     -1     -1
 cris-fsr_n20         1553  -1    1.000    0.000    2.000   10.000    0.000     -1     -1     -1
 cris-fsr_n20         1570  -1    1.000    0.000    2.000   10.000    0.000     -1     -1     -1
 cris-fsr_n20         1596  -1    1.000    0.000    2.000   10.000    0.000     -1     -1     -1
 cris-fsr_n20         1602  -1    1.000    0.000    2.000   10.000    0.000     -1     -1     -1
 cris-fsr_n20         1619  -1    1.000    0.000    2.000   10.000    0.000     -1     -1     -1
 cris-fsr_n20         1624  -1    1.000    0.000    2.000   10.000    0.000     -1     -1     -1
 cris-fsr_n20         1635  -1    1.000    0.000    2.000   10.000    0.000     -1     -1     -1
 cris-fsr_n20         1939  -1    1.000    0.000    2.000   10.000    0.000     -1     -1     -1
 cris-fsr_n20         1940  -1    1.000    0.000    2.000   10.000    0.000     -1     -1     -1
 cris-fsr_n20         1941  -1    1.000    0.000    2.000   10.000    0.000     -1     -1     -1
 cris-fsr_n20         1942  -1    1.000    0.000    2.000   10.000    0.000     -1     -1     -1
 cris-fsr_n20         1943  -1    1.000    0.000    2.000   10.000    0.000     -1     -1     -1
 cris-fsr_n20         1944  -1    1.000    0.000    2.000   10.000    0.000     -1     -1     -1
 cris-fsr_n20         1945  -1    1.000    0.000    2.000   10.000    0.000     -1     -1     -1
 cris-fsr_n20         1946  -1    1.000    0.000    2.000   10.000    0.000     -1     -1     -1
 cris-fsr_n20         1947  -1    1.000    0.000    2.000   10.000    0.000     -1     -1     -1
 cris-fsr_n20         1948  -1    1.000    0.000    2.000   10.000    0.000     -1     -1     -1
 cris-fsr_n20         1949  -1    1.000    0.000    2.000   10.000    0.000     -1     -1     -1
 cris-fsr_n20         1950  -1    1.000    0.000    2.000   10.000    0.000     -1     -1     -1
 cris-fsr_n20         1951  -1    1.000    0.000    2.000   10.000    0.000     -1     -1     -1
 cris-fsr_n20         1952  -1    1.000    0.000    2.000   10.000    0.000     -1     -1     -1
 cris-fsr_n20         1953  -1    1.000    0.000    2.000   10.000    0.000     -1     -1     -1
 cris-fsr_n20         1954  -1    1.000    0.000    2.000   10.000    0.000     -1     -1     -1
 cris-fsr_n20         1955  -1    1.000    0.000    2.000   10.000    0.000     -1     -1     -1
 cris-fsr_n20         1956  -1    1.000    0.000    2.000   10.000    0.000     -1     -1     -1
 cris-fsr_n20         1957  -1    1.000    0.000    2.000   10.000    0.000     -1     -1     -1
 cris-fsr_n20         1958  -1    1.000    0.000    2.000   10.000    0.000     -1     -1     -1
 cris-fsr_n20         1959  -1    1.000    0.000    2.000   10.000    0.000     -1     -1     -1
 cris-fsr_n20         1960  -1    1.000    0.000    2.000   10.000    0.000     -1     -1     -1
 cris-fsr_n20         1961  -1    1.000    0.000    2.000   10.000    0.000     -1     -1     -1
 cris-fsr_n20         1962  -1    1.000    0.000    2.000   10.000    0.000     -1     -1     -1
 cris-fsr_n20         1963  -1    1.000    0.000    2.000   10.000    0.000     -1     -1     -1
 cris-fsr_n20         1964  -1    1.000    0.000    2.000   10.000    0.000     -1     -1     -1
 cris-fsr_n20         1965  -1    1.000    0.000    2.000   10.000    0.000     -1     -1     -1
 cris-fsr_n20         1966  -1    1.000    0.000    2.000   10.000    0.000     -1     -1     -1
 cris-fsr_n20         1967  -1    1.000    0.000    2.000   10.000    0.000     -1     -1     -1
 cris-fsr_n20         1968  -1    1.000    0.000    2.000   10.000    0.000     -1     -1     -1
 cris-fsr_n20         1969  -1    1.000    0.000    2.000   10.000    0.000     -1     -1     -1
 cris-fsr_n20         1970  -1    1.000    0.000    2.000   10.000    0.000     -1     -1     -1
 cris-fsr_n20         1971  -1    1.000    0.000    2.000   10.000    0.000     -1     -1     -1
 cris-fsr_n20         1972  -1    1.000    0.000    2.000   10.000    0.000     -1     -1     -1
 cris-fsr_n20         1973  -1    1.000    0.000    2.000   10.000    0.000     -1     -1     -1
 cris-fsr_n20         1974  -1    1.000    0.000    2.000   10.000    0.000     -1     -1     -1
 cris-fsr_n20         1975  -1    1.000    0.000    2.000   10.000    0.000     -1     -1     -1
 cris-fsr_n20         1976  -1    1.000    0.000    2.000   10.000    0.000     -1     -1     -1
 cris-fsr_n20         1977  -1    1.000    0.000    2.000   10.000    0.000     -1     -1     -1
 cris-fsr_n20         1978  -1    1.000    0.000    2.000   10.000    0.000     -1     -1     -1
 cris-fsr_n20         1979  -1    1.000    0.000    2.000   10.000    0.000     -1     -1     -1
 cris-fsr_n20         1980  -1    1.000    0.000    2.000   10.000    0.000     -1     -1     -1
 cris-fsr_n20         1981  -1    1.000    0.000    2.000   10.000    0.000     -1     -1     -1
 cris-fsr_n20         1982  -1    1.000    0.000    2.000   10.000    0.000     -1     -1     -1
 cris-fsr_n20         1983  -1    1.000    0.000    2.000   10.000    0.000     -1     -1     -1
 cris-fsr_n20         1984  -1    1.000    0.000    2.000   10.000    0.000     -1     -1     -1
 cris-fsr_n20         1985  -1    1.000    0.000    2.000   10.000    0.000     -1     -1     -1
 cris-fsr_n20         1986  -1    1.000    0.000    2.000   10.000    0.000     -1     -1     -1
 cris-fsr_n20         1987  -1    1.000    0.000    2.000   10.000    0.000     -1     -1     -1
 cris-fsr_n20         2119  -1    1.000    0.000    2.000   10.000    0.000     -1     -1     -1
 cris-fsr_n20         2140  -1    1.000    0.000    2.000   10.000    0.000     -1     -1     -1
 cris-fsr_n20         2143  -1    1.000    0.000    2.000   10.000    0.000     -1     -1     -1
 cris-fsr_n20         2147  -1    1.000    0.000    2.000   10.000    0.000     -1     -1     -1
 cris-fsr_n20         2153  -1    1.000    0.000    2.000   10.000    0.000     -1     -1     -1
 cris-fsr_n20         2158  -1    1.000    0.000    2.000   10.000    0.000     -1     -1     -1
 cris-fsr_n20         2161  -1    1.000    0.000    2.000   10.000    0.000     -1     -1     -1
 cris-fsr_n20         2168  -1    1.000    0.000    2.000   10.000    0.000     -1     -1     -1
 cris-fsr_n20         2171  -1    1.000    0.000    2.000   10.000    0.000     -1     -1     -1
 cris-fsr_n20         2175  -1    1.000    0.000    2.000   10.000    0.000     -1     -1     -1
 cris-fsr_n20         2182  -1    1.000    0.000    2.000   10.000    0.000     -1     -1     -1
 cris-fsr_n21           19  -1    1.000    0.000    2.000   10.000    0.000     -1     -1     -1
 cris-fsr_n21           24   1    0.700    0.000    2.000   10.000    0.000      1     -1     -1
 cris-fsr_n21           26   1    0.700    0.000    2.000   10.000    0.000     -1     -1     -1
 cris-fsr_n21           27  -1    0.700    0.000    2.000   10.000    0.000     -1     -1     -1
 cris-fsr_n21           28   1    0.700    0.000    2.000   10.000    0.000     -1     -1     -1
 cris-fsr_n21           31  -1    1.359    0.000    2.000   10.000    0.000     -1     -1     -1
 cris-fsr_n21           32   1    0.600    0.000    2.000   10.000    0.000      1     -1     -1
 cris-fsr_n21           33  -1    0.600    0.000    2.000   10.000    0.000     -1     -1     -1
 cris-fsr_n21           37   1    0.600    0.000    2.000   10.000    0.000      1     -1     -1
 cris-fsr_n21           39   1    0.600    0.000    2.000   10.000    0.000     -1     -1     -1
 cris-fsr_n21           42   1    0.600    0.000    2.000   10.000    0.000      1     -1     -1
 cris-fsr_n21           44   1    0.600    0.000    2.000   10.000    0.000     -1     -1     -1
 cris-fsr_n21           47   1    0.600    0.000    2.000   10.000    0.000      1     -1     -1
 cris-fsr_n21           49   1    0.600    0.000    2.000   10.000    0.000     -1     -1     -1
 cris-fsr_n21           50  -1    1.000    0.000    2.000   10.000    0.000     -1     -1     -1
 cris-fsr_n21           51   1    0.600    0.000    2.000   10.000    0.000      1     -1     -1
 cris-fsr_n21           52  -1    1.000    0.000    2.000   10.000    0.000     -1     -1     -1
 cris-fsr_n21           53   1    0.600    0.000    2.000   10.000    0.000     -1     -1     -1
 cris-fsr_n21           54  -1    1.000    0.000    2.000   10.000    0.000     -1     -1     -1
 cris-fsr_n21           55   1    0.500    0.000    2.000   10.000    0.000      1     -1     -1
 cris-fsr_n21           56  -1    1.000    0.000    2.000   10.000    0.000     -1     -1     -1
 cris-fsr_n21           57   1    0.500    0.000    2.000   10.000    0.000     -1     -1     -1
 cris-fsr_n21           58  -1    1.000    0.000    2.000   10.000    0.000     -1     -1     -1
 cris-fsr_n21           59   1    0.600    0.000    2.000   10.000    0.000      1     -1     -1
 cris-fsr_n21           60  -1    1.000    0.000    2.000   10.000    0.000     -1     -1     -1
 cris-fsr_n21           61   1    0.500    0.000    2.000   10.000    0.000     -1     -1     -1
 cris-fsr_n21           62  -1    1.000    0.000    2.000   10.000    0.000     -1     -1     -1
 cris-fsr_n21           63   1    0.500    0.000    2.000   10.000    0.000      1     -1     -1
 cris-fsr_n21           64  -1    0.756    0.000    2.000   10.000    0.000     -1     -1     -1
 cris-fsr_n21           65   1    0.500    0.000    2.000   10.000    0.000     -1     -1     -1
 cris-fsr_n21           66  -1    1.000    0.000    2.000   10.000    0.000     -1     -1     -1
 cris-fsr_n21           67   1    0.500    0.000    2.000   10.000    0.000      1     -1     -1
 cris-fsr_n21           68  -1    1.000    0.000    2.000   10.000    0.000     -1     -1     -1
 cris-fsr_n21           69   1    0.500    0.000    2.000   10.000    0.000     -1     -1     -1
 cris-fsr_n21           70  -1    1.000    0.000    2.000   10.000    0.000     -1     -1     -1
 cris-fsr_n21           71   1    0.500    0.000    2.000   10.000    0.000      1     -1     -1
 cris-fsr_n21           72  -1    1.000    0.000    2.000   10.000    0.000     -1     -1     -1
 cris-fsr_n21           73   1    0.500    0.000    2.000   10.000    0.000     -1     -1     -1
 cris-fsr_n21           74  -1    1.000    0.000    2.000   10.000    0.000     -1     -1     -1
 cris-fsr_n21           75   1    0.500    0.000    2.000   10.000    0.000      1     -1     -1
 cris-fsr_n21           76  -1    1.000    0.000    2.000   10.000    0.000     -1     -1     -1
 cris-fsr_n21           77   1    0.500    0.000    2.000   10.000    0.000     -1     -1     -1
 cris-fsr_n21           78  -1    1.000    0.000    2.000   10.000    0.000     -1     -1     -1
 cris-fsr_n21           79   1    0.500    0.000    2.000   10.000    0.000      1     -1     -1
 cris-fsr_n21           80  -1    0.600    0.000    2.000   10.000    0.000     -1     -1     -1
 cris-fsr_n21           81   1    0.500    0.000    2.000   10.000    0.000     -1     -1     -1
 cris-fsr_n21           82  -1    1.000    0.000    2.000   10.000    0.000     -1     -1     -1
 cris-fsr_n21           83   1    0.500    0.000    2.000   10.000    0.000      1     -1     -1
 cris-fsr_n21           84  -1    1.000    0.000    2.000   10.000    0.000     -1     -1     -1
 cris-fsr_n21           85   1    0.500    0.000    2.000   10.000    0.000     -1     -1     -1
 cris-fsr_n21           86  -1    1.000    0.000    2.000   10.000    0.000     -1     -1     -1
 cris-fsr_n21           87   1    0.500    0.000    2.000   10.000    0.000      1     -1     -1
 cris-fsr_n21           88  -1    0.600    0.000    2.000   10.000    0.000     -1     -1     -1
 cris-fsr_n21           89   1    0.500    0.000    2.000   10.000    0.000     -1     -1     -1
 cris-fsr_n21           90  -1    1.000    0.000    2.000   10.000    0.000     -1     -1     -1
 cris-fsr_n21           91   1    0.450    0.000    2.000   10.000    0.000      1     -1     -1
 cris-fsr_n21           92  -1    1.000    0.000    2.000   10.000    0.000     -1     -1     -1
 cris-fsr_n21           93   1    0.450    0.000    2.000   10.000    0.000     -1     -1     -1
 cris-fsr_n21           94  -1    1.000    0.000    2.000   10.000    0.000     -1     -1     -1
 cris-fsr_n21           95   1    0.450    0.000    2.000   10.000    0.000      1     -1     -1
 cris-fsr_n21           96  -1    0.635    0.000    2.000   10.000    0.000     -1     -1     -1
 cris-fsr_n21           97   1    0.450    0.000    2.000   10.000    0.000     -1     -1     -1
 cris-fsr_n21           98  -1    1.000    0.000    2.000   10.000    0.000     -1     -1     -1
 cris-fsr_n21           99   1    0.450    0.000    2.000   10.000    0.000      1     -1     -1
 cris-fsr_n21          100  -1    1.000    0.000    2.000   10.000    0.000     -1     -1     -1
 cris-fsr_n21          101  -1    0.450    0.000    2.000   10.000    0.000     -1     -1     -1
 cris-fsr_n21          102  -1    0.735    0.000    2.000   10.000    0.000     -1     -1     -1
 cris-fsr_n21          103   1    0.450    0.000    2.000   10.000    0.000      1     -1     -1
 cris-fsr_n21          104  -1    0.878    0.000    2.000   10.000    0.000     -1     -1     -1
 cris-fsr_n21          105   1    0.450    0.000    2.000   10.000    0.000     -1     -1     -1
 cris-fsr_n21          106  -1    0.696    0.000    2.000   10.000    0.000     -1     -1     -1
 cris-fsr_n21          107   1    0.400    0.000    2.000   10.000    0.000      1     -1     -1
 cris-fsr_n21          108  -1    2.000    0.000    2.000   10.000    0.000     -1     -1     -1
 cris-fsr_n21          109   1    0.400    0.000    2.000   10.000    0.000     -1     -1     -1
 cris-fsr_n21          110  -1    1.000    0.000    2.000   10.000    0.000     -1     -1     -1
 cris-fsr_n21          111   1    0.400    0.000    2.000   10.000    0.000      1     -1     -1
 cris-fsr_n21          112  -1    1.000    0.000    2.000   10.000    0.000     -1     -1     -1
 cris-fsr_n21          113   1    0.400    0.000    2.000   10.000    0.000     -1     -1     -1
 cris-fsr_n21          114  -1    1.000    0.000    2.000   10.000    0.000     -1     -1     -1
 cris-fsr_n21          115   1    0.400    0.000    2.000   10.000    0.000      1     -1     -1
 cris-fsr_n21          116  -1    0.600    0.000    2.000   10.000    0.000     -1     -1     -1
 cris-fsr_n21          117   1    0.350    0.000    2.000   10.000    0.000     -1     -1     -1
 cris-fsr_n21          118  -1    1.000    0.000    2.000   10.000    0.000     -1     -1     -1
 cris-fsr_n21          119   1    0.350    0.000    2.000   10.000    0.000      1     -1     -1
 cris-fsr_n21          120  -1    0.701    0.000    2.000   10.000    0.000     -1     -1     -1
 cris-fsr_n21          121   1    0.350    0.000    2.000   10.000    0.000     -1     -1     -1
 cris-fsr_n21          122  -1    1.000    0.000    2.000   10.000    0.000     -1     -1     -1
 cris-fsr_n21          123   1    0.350    0.000    2.000   10.000    0.000      1     -1     -1
 cris-fsr_n21          124  -1    0.600    0.000    2.000   10.000    0.000     -1     -1     -1
 cris-fsr_n21          125   1    0.350    0.000    2.000   10.000    0.000     -1     -1     -1
 cris-fsr_n21          126  -1    0.663    0.000    2.000   10.000    0.000     -1     -1     -1
 cris-fsr_n21          127   1    0.350    0.000    2.000   10.000    0.000      1     -1     -1
 cris-fsr_n21          128  -1    1.000    0.000    2.000   10.000    0.000     -1     -1     -1
 cris-fsr_n21          129   1    0.350    0.000    2.000   10.000    0.000     -1     -1     -1
 cris-fsr_n21          130  -1    1.083    0.000    2.000   10.000    0.000     -1     -1     -1
 cris-fsr_n21          131   1    0.350    0.000    2.000   10.000    0.000      1     -1     -1
 cris-fsr_n21          132  -1    0.600    0.000    2.000   10.000    0.000     -1     -1     -1
 cris-fsr_n21          133   1    0.350    0.000    2.000   10.000    0.000     -1     -1     -1
 cris-fsr_n21          134  -1    1.000    0.000    2.000   10.000    0.000     -1     -1     -1
 cris-fsr_n21          135   1    0.350    0.000    2.000   10.000    0.000      1     -1     -1
 cris-fsr_n21          136  -1    0.600    0.000    2.000   10.000    0.000     -1     -1     -1
 cris-fsr_n21          137   1    0.350    0.000    2.000   10.000    0.000     -1     -1     -1
 cris-fsr_n21          138  -1    0.600    0.000    2.000   10.000    0.000     -1     -1     -1
 cris-fsr_n21          139   1    0.350    0.000    2.000   10.000    0.000      1     -1     -1
 cris-fsr_n21          140  -1    1.000    0.000    2.000   10.000    0.000     -1     -1     -1
 cris-fsr_n21          141   1    0.300    0.000    2.000   10.000    0.000     -1     -1     -1
 cris-fsr_n21          142  -1    0.600    0.000    2.000   10.000    0.000     -1     -1     -1
 cris-fsr_n21          143   1    0.300    0.000    2.000   10.000    0.000      1     -1     -1
 cris-fsr_n21          144  -1    0.600    0.000    2.000   10.000    0.000     -1     -1     -1
 cris-fsr_n21          145   1    0.300    0.000    2.000   10.000    0.000     -1     -1     -1
 cris-fsr_n21          146  -1    1.000    0.000    2.000   10.000    0.000     -1     -1     -1
 cris-fsr_n21          147   1    0.300    0.000    2.000   10.000    0.000      1     -1     -1
 cris-fsr_n21          148  -1    0.600    0.000    2.000   10.000    0.000     -1     -1     -1
 cris-fsr_n21          149   1    0.300    0.000    2.000   10.000    0.000     -1     -1     -1
 cris-fsr_n21          150  -1    0.600    0.000    2.000   10.000    0.000     -1     -1     -1
 cris-fsr_n21          151   1    0.300    0.000    2.000   10.000    0.000      1     -1     -1
 cris-fsr_n21          152  -1    1.000    0.000    2.000   10.000    0.000     -1     -1     -1
 cris-fsr_n21          153   1    0.300    0.000    2.000   10.000    0.000     -1     -1     -1
 cris-fsr_n21          154  -1    0.600    0.000    2.000   10.000    0.000     -1     -1     -1
 cris-fsr_n21          155   1    0.300    0.000    2.000   10.000    0.000      1     -1     -1
 cris-fsr_n21          156  -1    1.000    0.000    2.000   10.000    0.000     -1     -1     -1
 cris-fsr_n21          157   1    0.300    0.000    2.000   10.000    0.000     -1     -1     -1
 cris-fsr_n21          158  -1    0.773    0.000    2.000   10.000    0.000     -1     -1     -1
 cris-fsr_n21          159   1    0.300    0.000    2.000   10.000    0.000      1     -1     -1
 cris-fsr_n21          160  -1    0.600    0.000    2.000   10.000    0.000     -1     -1     -1
 cris-fsr_n21          161  -1    0.600    0.000    2.000   10.000    0.000     -1     -1     -1
 cris-fsr_n21          162  -1    0.600    0.000    2.000   10.000    0.000     -1     -1     -1
 cris-fsr_n21          163   1    0.300    0.000    2.000   10.000    0.000      1     -1     -1
 cris-fsr_n21          164  -1    0.813    0.000    2.000   10.000    0.000     -1     -1     -1
 cris-fsr_n21          165  -1    0.907    0.000    2.000   10.000    0.000     -1     -1     -1
 cris-fsr_n21          166  -1    0.802    0.000    2.000   10.000    0.000     -1     -1     -1
 cris-fsr_n21          167   1    0.300    0.000    2.000   10.000    0.000      1     -1     -1
 cris-fsr_n21          168  -1    1.493    0.000    2.000   10.000    0.000     -1     -1     -1
 cris-fsr_n21          169  -1    1.000    0.000    2.000   10.000    0.000     -1     -1     -1
 cris-fsr_n21          170  -1    0.856    0.000    2.000   10.000    0.000     -1     -1     -1
 cris-fsr_n21          171   1    0.300    0.000    2.000   10.000    0.000      1     -1     -1
 cris-fsr_n21          172  -1    1.000    0.000    2.000   10.000    0.000     -1     -1     -1
 cris-fsr_n21          173  -1    0.600    0.000    2.000   10.000    0.000     -1     -1     -1
 cris-fsr_n21          174  -1    1.000    0.000    2.000   10.000    0.000     -1     -1     -1
 cris-fsr_n21          175   1    1.000    0.000    1.000   10.000    0.000      1     -1     -1
 cris-fsr_n21          176  -1    1.000    0.000    1.000   10.000    0.000     -1     -1     -1
 cris-fsr_n21          177  -1    1.000    0.000    1.000   10.000    0.000     -1     -1     -1
 cris-fsr_n21          178  -1    1.000    0.000    1.000   10.000    0.000     -1     -1     -1
 cris-fsr_n21          179   1    1.000    0.000    1.000   10.000    0.000      1     -1     -1
 cris-fsr_n21          180  -1    1.000    0.000    1.000   10.000    0.000     -1     -1     -1
 cris-fsr_n21          181  -1    1.000    0.000    1.000   10.000    0.000     -1     -1     -1
 cris-fsr_n21          182  -1    1.000    0.000    1.000   10.000    0.000     -1     -1     -1
 cris-fsr_n21          183   1    1.000    0.000    1.000   10.000    0.000      1     -1     -1
 cris-fsr_n21          184  -1    1.000    0.000    1.000   10.000    0.000     -1     -1     -1
 cris-fsr_n21          185  -1    1.000    0.000    1.000   10.000    0.000     -1     -1     -1
 cris-fsr_n21          186  -1    1.000    0.000    1.000   10.000    0.000     -1     -1     -1
 cris-fsr_n21          187   1    1.000    0.000    1.000   10.000    0.000      1     -1     -1
 cris-fsr_n21          188  -1    1.000    0.000    1.000   10.000    0.000     -1     -1     -1
 cris-fsr_n21          189  -1    1.000    0.000    1.000   10.000    0.000     -1     -1     -1
 cris-fsr_n21          190   1    1.000    0.000    1.000   10.000    0.000      1     -1     -1
 cris-fsr_n21          191  -1    1.000    0.000    1.000   10.000    0.000     -1     -1     -1
 cris-fsr_n21          192  -1    1.000    0.000    1.000   10.000    0.000     -1     -1     -1
 cris-fsr_n21          193  -1    1.000    0.000    1.000   10.000    0.000     -1     -1     -1
 cris-fsr_n21          194   1    1.000    0.000    1.000   10.000    0.000      1     -1     -1
 cris-fsr_n21          195  -1    1.000    0.000    1.000   10.000    0.000     -1     -1     -1
 cris-fsr_n21          196  -1    1.000    0.000    1.000   10.000    0.000     -1     -1     -1
 cris-fsr_n21          197   1    1.000    0.000    1.000   10.000    0.000      1     -1     -1
 cris-fsr_n21          198  -1    2.000    0.000    1.000   10.000    0.000     -1     -1     -1
 cris-fsr_n21          199  -1    1.000    0.000    1.000   10.000    0.000     -1     -1     -1
 cris-fsr_n21          200   1    1.000    0.000    1.000   10.000    0.000      1     -1     -1
 cris-fsr_n21          208  -1    1.000    0.000    1.000   10.000    0.000     -1     -1     -1
 cris-fsr_n21          211   1    1.000    0.000    1.000   10.000    0.000      1     -1     -1
 cris-fsr_n21          216  -1    1.000    0.000    1.000   10.000    0.000     -1     -1     -1
 cris-fsr_n21          224   1    1.000    0.000    1.000   10.000    0.000      1     -1     -1
 cris-fsr_n21          234  -1    1.000    0.000    1.000   10.000    0.000     -1     -1     -1
 cris-fsr_n21          236  -1    1.000    0.000    1.000   10.000    0.000     -1     -1     -1
 cris-fsr_n21          238  -1    1.000    0.000    1.000   10.000    0.000     -1     -1     -1
 cris-fsr_n21          239  -1    1.000    0.000    1.000   10.000    0.000     -1     -1     -1
 cris-fsr_n21          242  -1    1.000    0.000    1.000   10.000    0.000     -1     -1     -1
 cris-fsr_n21          246  -1    1.000    0.000    1.000   10.000    0.000     -1     -1     -1
 cris-fsr_n21          248  -1    1.000    0.000    1.000   10.000    0.000     -1     -1     -1
 cris-fsr_n21          255  -1    1.000    0.000    1.000   10.000    0.000     -1     -1     -1
 cris-fsr_n21          264  -1    1.000    0.000    1.000   10.000    0.000     -1     -1     -1
 cris-fsr_n21          266  -1    1.000    0.000    1.000   10.000    0.000     -1     -1     -1
 cris-fsr_n21          268  -1    1.000    0.000    1.000   10.000    0.000     -1     -1     -1
 cris-fsr_n21          275   1    1.000    0.000    1.000   10.000    0.000     -1     -1     -1
 cris-fsr_n21          279   1    1.000    0.000    1.000   10.000    0.000      1     -1     -1
 cris-fsr_n21          283  -1    1.000    0.000    1.000   10.000    0.000     -1     -1     -1
 cris-fsr_n21          285  -1    1.000    0.000    1.000   10.000    0.000     -1     -1     -1
 cris-fsr_n21          291   1    1.000    0.000    1.000   10.000    0.000     -1     -1     -1
 cris-fsr_n21          295  -1    1.000    0.000    1.000   10.000    0.000     -1     -1     -1
 cris-fsr_n21          301  -1    1.000    0.000    1.000   10.000    0.000     -1     -1     -1
 cris-fsr_n21          305  -1    1.000    0.000    1.000   10.000    0.000     -1     -1     -1
 cris-fsr_n21          311   1    1.000    0.000    1.000   10.000    0.000      1     -1     -1
 cris-fsr_n21          332   1    1.000    0.000    1.000   10.000    0.000     -1     -1     -1
 cris-fsr_n21          342   1    1.000    0.000    1.000   10.000    0.000      1     -1     -1
 cris-fsr_n21          389   1    0.500    0.000    1.000   10.000    0.000      1     -1     -1
 cris-fsr_n21          400  -1    1.000    0.000    1.000   10.000    0.000     -1     -1     -1
 cris-fsr_n21          402  -1    1.000    0.000    1.000   10.000    0.000     -1     -1     -1
 cris-fsr_n21          404  -1    1.000    0.000    1.000   10.000    0.000     -1     -1     -1
 cris-fsr_n21          406  -1    1.000    0.000    1.000   10.000    0.000     -1     -1     -1
 cris-fsr_n21          410   1    0.500    0.000    1.000   10.000    0.000      1     -1     -1
 cris-fsr_n21          427   1    0.500    0.000    1.000   10.000    0.000      1     -1     -1
 cris-fsr_n21          439  -1    1.000    0.000    1.000   10.000    0.000     -1     -1     -1
 cris-fsr_n21          440  -1    1.000    0.000    1.000   10.000    0.000     -1     -1     -1
 cris-fsr_n21          441  -1    1.000    0.000    1.000   10.000    0.000     -1     -1     -1
 cris-fsr_n21          445  -1    1.000    0.000    1.000   10.000    0.000     -1     -1     -1
 cris-fsr_n21          449  -1    1.000    0.000    1.000   10.000    0.000     -1     -1     -1
 cris-fsr_n21          455  -1    1.000    0.000    1.000   10.000    0.000     -1     -1     -1
 cris-fsr_n21          458  -1    1.000    0.000    1.000   10.000    0.000     -1     -1     -1
 cris-fsr_n21          461  -1    1.000    0.000    1.000   10.000    0.000     -1     -1     -1
 cris-fsr_n21          464   1    1.000    0.000    1.000   10.000    0.000      1     -1     -1
 cris-fsr_n21          467  -1    1.000    0.000    1.000   10.000    0.000     -1     -1     -1
 cris-fsr_n21          470  -1    1.000    0.000    1.000   10.000    0.000     -1     -1     -1
 cris-fsr_n21          473  -1    1.000    0.000    1.000   10.000    0.000     -1     -1     -1
 cris-fsr_n21          475  -1    1.000    0.000    1.000   10.000    0.000     -1     -1     -1
 cris-fsr_n21          482   1    0.500    0.000    1.000   10.000    0.000      1     -1     -1
 cris-fsr_n21          486  -1    1.000    0.000    1.000   10.000    0.000     -1     -1     -1
 cris-fsr_n21          487  -1    1.000    0.000    1.000   10.000    0.000     -1     -1     -1
 cris-fsr_n21          490  -1    1.000    0.000    1.000   10.000    0.000     -1     -1     -1
 cris-fsr_n21          493  -1    1.000    0.000    1.000   10.000    0.000     -1     -1     -1
 cris-fsr_n21          496  -1    1.000    0.000    1.000   10.000    0.000     -1     -1     -1
 cris-fsr_n21          499  -1    1.000    0.000    1.000   10.000    0.000     -1     -1     -1
 cris-fsr_n21          501   1    0.500    0.000    1.000   10.000    0.000      1     -1     -1
 cris-fsr_n21          503  -1    1.000    0.000    1.000   10.000    0.000     -1     -1     -1
 cris-fsr_n21          505  -1    1.000    0.000    1.000   10.000    0.000     -1     -1     -1
 cris-fsr_n21          511  -1    1.000    0.000    1.000   10.000    0.000     -1     -1     -1
 cris-fsr_n21          513  -1    1.000    0.000    1.000   10.000    0.000     -1     -1     -1
 cris-fsr_n21          514  -1    1.000    0.000    1.000   10.000    0.000     -1     -1     -1
 cris-fsr_n21          518  -1    1.000    0.000    1.000   10.000    0.000     -1     -1     -1
 cris-fsr_n21          519  -1    1.000    0.000    1.000   10.000    0.000     -1     -1     -1
 cris-fsr_n21          520  -1    1.000    0.000    1.000   10.000    0.000     -1     -1     -1
 cris-fsr_n21          522  -1    1.000    0.000    1.000   10.000    0.000     -1     -1     -1
 cris-fsr_n21          529   1    0.500    0.000    1.000   10.000    0.000      1     -1     -1
 cris-fsr_n21          534  -1    1.000    0.000    1.000   10.000    0.000     -1     -1     -1
 cris-fsr_n21          563  -1    1.000    0.000    1.000   10.000    0.000     -1     -1     -1
 cris-fsr_n21          568  -1    1.000    0.000    1.000   10.000    0.000     -1     -1     -1
 cris-fsr_n21          575  -1    1.000    0.000    1.000   10.000    0.000     -1     -1     -1
 cris-fsr_n21          592  -1    1.000    0.000    1.000   10.000    0.000     -1     -1     -1
 cris-fsr_n21          594  -1    1.000    0.000    1.000   10.000    0.000     -1     -1     -1
 cris-fsr_n21          596  -1    1.000    0.000    1.000   10.000    0.000     -1     -1     -1
 cris-fsr_n21          598  -1    1.000    0.000    1.000   10.000    0.000     -1     -1     -1
 cris-fsr_n21          600  -1    1.000    0.000    1.000   10.000    0.000     -1     -1     -1
 cris-fsr_n21          602  -1    1.000    0.000    1.000   10.000    0.000     -1     -1     -1
 cris-fsr_n21          604  -1    1.000    0.000    1.000   10.000    0.000     -1     -1     -1
 cris-fsr_n21          611  -1    1.000    0.000    1.000   10.000    0.000     -1     -1     -1
 cris-fsr_n21          614  -1    1.000    0.000    1.000   10.000    0.000     -1     -1     -1
 cris-fsr_n21          616  -1    1.000    0.000    1.000   10.000    0.000     -1     -1     -1
 cris-fsr_n21          618  -1    1.000    0.000    1.000   10.000    0.000     -1     -1     -1
 cris-fsr_n21          620  -1    1.000    0.000    1.000   10.000    0.000     -1     -1     -1
 cris-fsr_n21          622  -1    1.000    0.000    1.000   10.000    0.000     -1     -1     -1
 cris-fsr_n21          626  -1    1.000    0.000    1.000   10.000    0.000     -1     -1     -1
 cris-fsr_n21          631  -1    1.000    0.000    1.000   10.000    0.000     -1     -1     -1
 cris-fsr_n21          638  -1    1.000    0.000    1.000   10.000    0.000     -1     -1     -1
 cris-fsr_n21          646  -1    1.000    0.000    1.000   10.000    0.000     -1     -1     -1
 cris-fsr_n21          648  -1    1.000    0.000    1.000   10.000    0.000     -1     -1     -1
 cris-fsr_n21          652  -1    1.000    0.000    1.000   10.000    0.000     -1     -1     -1
 cris-fsr_n21          659  -1    1.000    0.000    1.000   10.000    0.000     -1     -1     -1
 cris-fsr_n21          673  -1    1.000    0.000    1.000   10.000    0.000     -1     -1     -1
 cris-fsr_n21          675  -1    1.000    0.000    1.000   10.000    0.000     -1     -1     -1
 cris-fsr_n21          678  -1    1.000    0.000    1.000   10.000    0.000     -1     -1     -1
 cris-fsr_n21          684  -1    1.000    0.000    1.000   10.000    0.000     -1     -1     -1
 cris-fsr_n21          688  -1    1.000    0.000    1.000   10.000    0.000     -1     -1     -1
 cris-fsr_n21          694  -1    1.000    0.000    1.000   10.000    0.000     -1     -1     -1
 cris-fsr_n21          700  -1    1.000    0.000    1.000   10.000    0.000     -1     -1     -1
 cris-fsr_n21          707  -1    1.000    0.000    1.000   10.000    0.000     -1     -1     -1
 cris-fsr_n21          710   1    0.500    0.000    1.000   10.000    0.000      1     -1     -1
 cris-fsr_n21          713   1    0.500    0.000    1.000   10.000    0.000      1     -1     -1
 cris-fsr_n21          714  -1    1.000    0.000    1.000   10.000    0.000     -1     -1     -1
 cris-fsr_n21          718  -1    1.000    0.000    1.000   10.000    0.000     -1     -1     -1
 cris-fsr_n21          720  -1    1.000    0.000    1.000   10.000    0.000     -1     -1     -1
 cris-fsr_n21          722  -1    1.000    0.000    1.000   10.000    0.000     -1     -1     -1
 cris-fsr_n21          725  -1    1.000    0.000    1.000   10.000    0.000     -1     -1     -1
 cris-fsr_n21          728  -1    1.000    0.000    1.000   10.000    0.000     -1     -1     -1
 cris-fsr_n21          735  -1    1.000    0.000    1.000   10.000    0.000     -1     -1     -1
 cris-fsr_n21          742   1    0.500    0.000    1.000   10.000    0.000     -1     -1     -1
 cris-fsr_n21          748  -1    1.000    0.000    1.000   10.000    0.000     -1     -1     -1
 cris-fsr_n21          753  -1    1.000    0.000    2.000   10.000    0.000     -1     -1     -1
 cris-fsr_n21          762  -1    1.000    0.000    2.000   10.000    0.000     -1     -1     -1
 cris-fsr_n21          780  -1    1.000    0.000    2.000   10.000    0.000     -1     -1     -1
 cris-fsr_n21          784  -1    1.000    0.000    2.000   10.000    0.000     -1     -1     -1
 cris-fsr_n21          798  -1    1.000    0.000    2.000   10.000    0.000     -1     -1     -1
 cris-fsr_n21          849  -1    1.000    0.000    2.000   10.000    0.000     -1     -1     -1
 cris-fsr_n21          860  -1    1.000    0.000    2.000   10.000    0.000     -1     -1     -1
 cris-fsr_n21          862  -1    1.000    0.000    2.000   10.000    0.000     -1     -1     -1
 cris-fsr_n21          866  -1    1.000    0.000    2.000   10.000    0.000     -1     -1     -1
 cris-fsr_n21          874  -1    1.000    0.000    2.000   10.000    0.000     -1     -1     -1
 cris-fsr_n21          882   1    1.500    0.000    0.900   10.000    0.000     -1     -1     -1
 cris-fsr_n21          890   1    1.500    0.000    0.900   10.000    0.000     -1     -1     -1
 cris-fsr_n21          898  -1    1.000    0.000    2.000   10.000    0.000     -1     -1     -1
 cris-fsr_n21          906  -1    1.000    0.000    2.000   10.000    0.000     -1     -1     -1
 cris-fsr_n21          907  -1    1.000    0.000    2.000   10.000    0.000     -1     -1     -1
 cris-fsr_n21          908  -1    1.000    0.000    2.000   10.000    0.000     -1     -1     -1
 cris-fsr_n21          914  -1    1.000    0.000    2.000   10.000    0.000     -1     -1     -1
 cris-fsr_n21          937   1    1.500    0.000    0.900   10.000    0.000     -1     -1     -1
 cris-fsr_n21          972  -1    1.000    0.000    2.000   10.000    0.000     -1     -1     -1
 cris-fsr_n21          973  -1    1.000    0.000    2.000   10.000    0.000     -1     -1     -1
 cris-fsr_n21          978  -1    1.000    0.000    2.000   10.000    0.000     -1     -1     -1
 cris-fsr_n21          980  -1    1.000    0.000    2.000   10.000    0.000     -1     -1     -1
 cris-fsr_n21          981  -1    1.000    0.000    2.000   10.000    0.000     -1     -1     -1
 cris-fsr_n21          988  -1    1.000    0.000    2.000   10.000    0.000     -1     -1     -1
 cris-fsr_n21          995   1    1.500    0.000    0.900   10.000    0.000     -1     -1     -1
 cris-fsr_n21          998  -1    1.000    0.000    2.000   10.000    0.000     -1     -1     -1
 cris-fsr_n21         1000  -1    1.000    0.000    2.000   10.000    0.000     -1     -1     -1
 cris-fsr_n21         1003  -1    1.000    0.000    2.000   10.000    0.000     -1     -1     -1
 cris-fsr_n21         1008   1    1.500    0.000    0.900   10.000    0.000     -1     -1     -1
 cris-fsr_n21         1009  -1    1.000    0.000    2.000   10.000    0.000     -1     -1     -1
 cris-fsr_n21         1010  -1    1.000    0.000    2.000   10.000    0.000     -1     -1     -1
 cris-fsr_n21         1014  -1    1.000    0.000    2.000   10.000    0.000     -1     -1     -1
 cris-fsr_n21         1017  -1    1.000    0.000    2.000   10.000    0.000     -1     -1     -1
 cris-fsr_n21         1018  -1    1.000    0.000    2.000   10.000    0.000     -1     -1     -1
 cris-fsr_n21         1020  -1    1.000    0.000    2.000   10.000    0.000     -1     -1     -1
 cris-fsr_n21         1022   1    1.500    0.000    0.900   10.000    0.000     -1     -1     -1
 cris-fsr_n21         1024  -1    1.000    0.000    2.000   10.000    0.000     -1     -1     -1
 cris-fsr_n21         1026  -1    1.000    0.000    2.000   10.000    0.000     -1     -1     -1
 cris-fsr_n21         1029  -1    1.000    0.000    2.000   10.000    0.000     -1     -1     -1
 cris-fsr_n21         1030  -1    1.000    0.000    2.000   10.000    0.000     -1     -1     -1
 cris-fsr_n21         1032  -1    1.000    0.000    2.000   10.000    0.000     -1     -1     -1
 cris-fsr_n21         1034  -1    1.000    0.000    2.000   10.000    0.000     -1     -1     -1
 cris-fsr_n21         1037  -1    1.000    0.000    2.000   10.000    0.000     -1     -1     -1
 cris-fsr_n21         1038  -1    1.000    0.000    2.000   10.000    0.000     -1     -1     -1
 cris-fsr_n21         1041  -1    1.000    0.000    2.000   10.000    0.000     -1     -1     -1
 cris-fsr_n21         1042  -1    1.000    0.000    2.000   10.000    0.000     -1     -1     -1
 cris-fsr_n21         1044  -1    1.000    0.000    2.000   10.000    0.000     -1     -1     -1
 cris-fsr_n21         1046  -1    1.000    0.000    2.000   10.000    0.000     -1     -1     -1
 cris-fsr_n21         1049  -1    1.000    0.000    2.000   10.000    0.000     -1     -1     -1
 cris-fsr_n21         1050  -1    1.000    0.000    2.000   10.000    0.000     -1     -1     -1
 cris-fsr_n21         1053  -1    1.000    0.000    2.000   10.000    0.000     -1     -1     -1
 cris-fsr_n21         1054  -1    1.000    0.000    2.000   10.000    0.000     -1     -1     -1
 cris-fsr_n21         1058   1    1.500    0.000    0.900   10.000    0.000     -1     -1     -1
 cris-fsr_n21         1060  -1    1.000    0.000    2.000   10.000    0.000     -1     -1     -1
 cris-fsr_n21         1062  -1    1.000    0.000    2.000   10.000    0.000     -1     -1     -1
 cris-fsr_n21         1064  -1    1.000    0.000    2.000   10.000    0.000     -1     -1     -1
 cris-fsr_n21         1066  -1    1.000    0.000    2.000   10.000    0.000     -1     -1     -1
 cris-fsr_n21         1069  -1    1.000    0.000    2.000   10.000    0.000     -1     -1     -1
 cris-fsr_n21         1076  -1    1.000    0.000    2.000   10.000    0.000     -1     -1     -1
 cris-fsr_n21         1077  -1    1.000    0.000    2.000   10.000    0.000     -1     -1     -1
 cris-fsr_n21         1080  -1    1.000    0.000    2.000   10.000    0.000     -1     -1     -1
 cris-fsr_n21         1086  -1    1.000    0.000    2.000   10.000    0.000     -1     -1     -1
 cris-fsr_n21         1091  -1    1.000    0.000    2.000   10.000    0.000     -1     -1     -1
 cris-fsr_n21         1095  -1    1.000    0.000    2.000   10.000    0.000     -1     -1     -1
 cris-fsr_n21         1101  -1    1.000    0.000    2.000   10.000    0.000     -1     -1     -1
 cris-fsr_n21         1109  -1    1.000    0.000    2.000   10.000    0.000     -1     -1     -1
 cris-fsr_n21         1112  -1    1.000    0.000    2.000   10.000    0.000     -1     -1     -1
 cris-fsr_n21         1121  -1    1.000    0.000    2.000   10.000    0.000     -1     -1     -1
 cris-fsr_n21         1128  -1    1.000    0.000    2.000   10.000    0.000     -1     -1     -1
 cris-fsr_n21         1133  -1    1.000    0.000    2.000   10.000    0.000     -1     -1     -1
 cris-fsr_n21         1163  -1    1.000    0.000    2.000   10.000    0.000     -1     -1     -1
 cris-fsr_n21         1172  -1    1.000    0.000    2.000   10.000    0.000     -1     -1     -1
 cris-fsr_n21         1187  -1    1.000    0.000    2.000   10.000    0.000     -1     -1     -1
 cris-fsr_n21         1189  -1    1.000    0.000    2.000   10.000    0.000     -1     -1     -1
 cris-fsr_n21         1205  -1    1.000    0.000    2.000   10.000    0.000     -1     -1     -1
 cris-fsr_n21         1211  -1    1.000    0.000    2.000   10.000    0.000     -1     -1     -1
 cris-fsr_n21         1219  -1    1.000    0.000    2.000   10.000    0.000     -1     -1     -1
 cris-fsr_n21         1231  -1    1.000    0.000    2.000   10.000    0.000     -1     -1     -1
 cris-fsr_n21         1245  -1    1.000    0.000    2.000   10.000    0.000     -1     -1     -1
 cris-fsr_n21         1271  -1    1.000    0.000    2.000   10.000    0.000     -1     -1     -1
 cris-fsr_n21         1289  -1    1.000    0.000    2.000   10.000    0.000     -1     -1     -1
 cris-fsr_n21         1300  -1    1.000    0.000    2.000   10.000    0.000     -1     -1     -1
 cris-fsr_n21         1313  -1    1.000    0.000    2.000   10.000    0.000     -1     -1     -1
 cris-fsr_n21         1316  -1    1.000    0.000    2.000   10.000    0.000     -1     -1     -1
 cris-fsr_n21         1325  -1    1.000    0.000    2.000   10.000    0.000     -1     -1     -1
 cris-fsr_n21         1329  -1    1.000    0.000    2.000   10.000    0.000     -1     -1     -1
 cris-fsr_n21         1346  -1    1.000    0.000    2.000   10.000    0.000     -1     -1     -1
 cris-fsr_n21         1347  -1    1.000    0.000    2.000   10.000    0.000     -1     -1     -1
 cris-fsr_n21         1473  -1    1.000    0.000    2.000   10.000    0.000     -1     -1     -1
 cris-fsr_n21         1474  -1    1.000    0.000    2.000   10.000    0.000     -1     -1     -1
 cris-fsr_n21         1491  -1    1.000    0.000    2.000   10.000    0.000     -1     -1     -1
 cris-fsr_n21         1499  -1    1.000    0.000    2.000   10.000    0.000     -1     -1     -1
 cris-fsr_n21         1553  -1    1.000    0.000    2.000   10.000    0.000     -1     -1     -1
 cris-fsr_n21         1570  -1    1.000    0.000    2.000   10.000    0.000     -1     -1     -1
 cris-fsr_n21         1596  -1    1.000    0.000    2.000   10.000    0.000     -1     -1     -1
 cris-fsr_n21         1602  -1    1.000    0.000    2.000   10.000    0.000     -1     -1     -1
 cris-fsr_n21         1619  -1    1.000    0.000    2.000   10.000    0.000     -1     -1     -1
 cris-fsr_n21         1624  -1    1.000    0.000    2.000   10.000    0.000     -1     -1     -1
 cris-fsr_n21         1635  -1    1.000    0.000    2.000   10.000    0.000     -1     -1     -1
 cris-fsr_n21         1939  -1    1.000    0.000    2.000   10.000    0.000     -1     -1     -1
 cris-fsr_n21         1940  -1    1.000    0.000    2.000   10.000    0.000     -1     -1     -1
 cris-fsr_n21         1941  -1    1.000    0.000    2.000   10.000    0.000     -1     -1     -1
 cris-fsr_n21         1942  -1    1.000    0.000    2.000   10.000    0.000     -1     -1     -1
 cris-fsr_n21         1943  -1    1.000    0.000    2.000   10.000    0.000     -1     -1     -1
 cris-fsr_n21         1944  -1    1.000    0.000    2.000   10.000    0.000     -1     -1     -1
 cris-fsr_n21         1945  -1    1.000    0.000    2.000   10.000    0.000     -1     -1     -1
 cris-fsr_n21         1946  -1    1.000    0.000    2.000   10.000    0.000     -1     -1     -1
 cris-fsr_n21         1947  -1    1.000    0.000    2.000   10.000    0.000     -1     -1     -1
 cris-fsr_n21         1948  -1    1.000    0.000    2.000   10.000    0.000     -1     -1     -1
 cris-fsr_n21         1949  -1    1.000    0.000    2.000   10.000    0.000     -1     -1     -1
 cris-fsr_n21         1950  -1    1.000    0.000    2.000   10.000    0.000     -1     -1     -1
 cris-fsr_n21         1951  -1    1.000    0.000    2.000   10.000    0.000     -1     -1     -1
 cris-fsr_n21         1952  -1    1.000    0.000    2.000   10.000    0.000     -1     -1     -1
 cris-fsr_n21         1953  -1    1.000    0.000    2.000   10.000    0.000     -1     -1     -1
 cris-fsr_n21         1954  -1    1.000    0.000    2.000   10.000    0.000     -1     -1     -1
 cris-fsr_n21         1955  -1    1.000    0.000    2.000   10.000    0.000     -1     -1     -1
 cris-fsr_n21         1956  -1    1.000    0.000    2.000   10.000    0.000     -1     -1     -1
 cris-fsr_n21         1957  -1    1.000    0.000    2.000   10.000    0.000     -1     -1     -1
 cris-fsr_n21         1958  -1    1.000    0.000    2.000   10.000    0.000     -1     -1     -1
 cris-fsr_n21         1959  -1    1.000    0.000    2.000   10.000    0.000     -1     -1     -1
 cris-fsr_n21         1960  -1    1.000    0.000    2.000   10.000    0.000     -1     -1     -1
 cris-fsr_n21         1961  -1    1.000    0.000    2.000   10.000    0.000     -1     -1     -1
 cris-fsr_n21         1962  -1    1.000    0.000    2.000   10.000    0.000     -1     -1     -1
 cris-fsr_n21         1963  -1    1.000    0.000    2.000   10.000    0.000     -1     -1     -1
 cris-fsr_n21         1964  -1    1.000    0.000    2.000   10.000    0.000     -1     -1     -1
 cris-fsr_n21         1965  -1    1.000    0.000    2.000   10.000    0.000     -1     -1     -1
 cris-fsr_n21         1966  -1    1.000    0.000    2.000   10.000    0.000     -1     -1     -1
 cris-fsr_n21         1967  -1    1.000    0.000    2.000   10.000    0.000     -1     -1     -1
 cris-fsr_n21         1968  -1    1.000    0.000    2.000   10.000    0.000     -1     -1     -1
 cris-fsr_n21         1969  -1    1.000    0.000    2.000   10.000    0.000     -1     -1     -1
 cris-fsr_n21         1970  -1    1.000    0.000    2.000   10.000    0.000     -1     -1     -1
 cris-fsr_n21         1971  -1    1.000    0.000    2.000   10.000    0.000     -1     -1     -1
 cris-fsr_n21         1972  -1    1.000    0.000    2.000   10.000    0.000     -1     -1     -1
 cris-fsr_n21         1973  -1    1.000    0.000    2.000   10.000    0.000     -1     -1     -1
 cris-fsr_n21         1974  -1    1.000    0.000    2.000   10.000    0.000     -1     -1     -1
 cris-fsr_n21         1975  -1    1.000    0.000    2.000   10.000    0.000     -1     -1     -1
 cris-fsr_n21         1976  -1    1.000    0.000    2.000   10.000    0.000     -1     -1     -1
 cris-fsr_n21         1977  -1    1.000    0.000    2.000   10.000    0.000     -1     -1     -1
 cris-fsr_n21         1978  -1    1.000    0.000    2.000   10.000    0.000     -1     -1     -1
 cris-fsr_n21         1979  -1    1.000    0.000    2.000   10.000    0.000     -1     -1     -1
 cris-fsr_n21         1980  -1    1.000    0.000    2.000   10.000    0.000     -1     -1     -1
 cris-fsr_n21         1981  -1    1.000    0.000    2.000   10.000    0.000     -1     -1     -1
 cris-fsr_n21         1982  -1    1.000    0.000    2.000   10.000    0.000     -1     -1     -1
 cris-fsr_n21         1983  -1    1.000    0.000    2.000   10.000    0.000     -1     -1     -1
 cris-fsr_n21         1984  -1    1.000    0.000    2.000   10.000    0.000     -1     -1     -1
 cris-fsr_n21         1985  -1    1.000    0.000    2.000   10.000    0.000     -1     -1     -1
 cris-fsr_n21         1986  -1    1.000    0.000    2.000   10.000    0.000     -1     -1     -1
 cris-fsr_n21         1987  -1    1.000    0.000    2.000   10.000    0.000     -1     -1     -1
 cris-fsr_n21         2119  -1    1.000    0.000    2.000   10.000    0.000     -1     -1     -1
 cris-fsr_n21         2140  -1    1.000    0.000    2.000   10.000    0.000     -1     -1     -1
 cris-fsr_n21         2143  -1    1.000    0.000    2.000   10.000    0.000     -1     -1     -1
 cris-fsr_n21         2147  -1    1.000    0.000    2.000   10.000    0.000     -1     -1     -1
 cris-fsr_n21         2153  -1    1.000    0.000    2.000   10.000    0.000     -1     -1     -1
 cris-fsr_n21         2158  -1    1.000    0.000    2.000   10.000    0.000     -1     -1     -1
 cris-fsr_n21         2161  -1    1.000    0.000    2.000   10.000    0.000     -1     -1     -1
 cris-fsr_n21         2168  -1    1.000    0.000    2.000   10.000    0.000     -1     -1     -1
 cris-fsr_n21         2171  -1    1.000    0.000    2.000   10.000    0.000     -1     -1     -1
 cris-fsr_n21         2175  -1    1.000    0.000    2.000   10.000    0.000     -1     -1     -1
 cris-fsr_n21         2182  -1    1.000    0.000    2.000   10.000    0.000     -1     -1     -1
 cris-fsr_npp           19  -1    1.000    0.000    2.000   10.000    0.000     -1     -1     -1
 cris-fsr_npp           24  -1    0.700    0.000    2.000   10.000    0.000      1     -1     -1
 cris-fsr_npp           26  -1    0.700    0.000    2.000   10.000    0.000     -1     -1     -1
 cris-fsr_npp           27  -1    0.700    0.000    2.000   10.000    0.000     -1     -1     -1
 cris-fsr_npp           28  -1    0.700    0.000    2.000   10.000    0.000     -1     -1     -1
 cris-fsr_npp           31  -1    1.359    0.000    2.000   10.000    0.000     -1     -1     -1
 cris-fsr_npp           32  -1    0.600    0.000    2.000   10.000    0.000      1     -1     -1
 cris-fsr_npp           33  -1    0.600    0.000    2.000   10.000    0.000     -1     -1     -1
 cris-fsr_npp           37  -1    0.600    0.000    2.000   10.000    0.000      1     -1     -1
 cris-fsr_npp           39  -1    0.600    0.000    2.000   10.000    0.000     -1     -1     -1
 cris-fsr_npp           42  -1    0.600    0.000    2.000   10.000    0.000      1     -1     -1
 cris-fsr_npp           44  -1    0.600    0.000    2.000   10.000    0.000     -1     -1     -1
 cris-fsr_npp           47  -1    0.600    0.000    2.000   10.000    0.000      1     -1     -1
 cris-fsr_npp           49  -1    0.600    0.000    2.000   10.000    0.000     -1     -1     -1
 cris-fsr_npp           50  -1    1.000    0.000    2.000   10.000    0.000     -1     -1     -1
 cris-fsr_npp           51  -1    0.600    0.000    2.000   10.000    0.000      1     -1     -1
 cris-fsr_npp           52  -1    1.000    0.000    2.000   10.000    0.000     -1     -1     -1
 cris-fsr_npp           53  -1    0.600    0.000    2.000   10.000    0.000     -1     -1     -1
 cris-fsr_npp           54  -1    1.000    0.000    2.000   10.000    0.000     -1     -1     -1
 cris-fsr_npp           55  -1    0.500    0.000    2.000   10.000    0.000      1     -1     -1
 cris-fsr_npp           56  -1    1.000    0.000    2.000   10.000    0.000     -1     -1     -1
 cris-fsr_npp           57  -1    0.500    0.000    2.000   10.000    0.000     -1     -1     -1
 cris-fsr_npp           58  -1    1.000    0.000    2.000   10.000    0.000     -1     -1     -1
 cris-fsr_npp           59  -1    0.600    0.000    2.000   10.000    0.000      1     -1     -1
 cris-fsr_npp           60  -1    1.000    0.000    2.000   10.000    0.000     -1     -1     -1
 cris-fsr_npp           61  -1    0.500    0.000    2.000   10.000    0.000     -1     -1     -1
 cris-fsr_npp           62  -1    1.000    0.000    2.000   10.000    0.000     -1     -1     -1
 cris-fsr_npp           63  -1    0.500    0.000    2.000   10.000    0.000      1     -1     -1
 cris-fsr_npp           64  -1    0.756    0.000    2.000   10.000    0.000     -1     -1     -1
 cris-fsr_npp           65  -1    0.500    0.000    2.000   10.000    0.000     -1     -1     -1
 cris-fsr_npp           66  -1    1.000    0.000    2.000   10.000    0.000     -1     -1     -1
 cris-fsr_npp           67  -1    0.500    0.000    2.000   10.000    0.000      1     -1     -1
 cris-fsr_npp           68  -1    1.000    0.000    2.000   10.000    0.000     -1     -1     -1
 cris-fsr_npp           69  -1    0.500    0.000    2.000   10.000    0.000     -1     -1     -1
 cris-fsr_npp           70  -1    1.000    0.000    2.000   10.000    0.000     -1     -1     -1
 cris-fsr_npp           71  -1    0.500    0.000    2.000   10.000    0.000      1     -1     -1
 cris-fsr_npp           72  -1    1.000    0.000    2.000   10.000    0.000     -1     -1     -1
 cris-fsr_npp           73  -1    0.500    0.000    2.000   10.000    0.000     -1     -1     -1
 cris-fsr_npp           74  -1    1.000    0.000    2.000   10.000    0.000     -1     -1     -1
 cris-fsr_npp           75  -1    0.500    0.000    2.000   10.000    0.000      1     -1     -1
 cris-fsr_npp           76  -1    1.000    0.000    2.000   10.000    0.000     -1     -1     -1
 cris-fsr_npp           77  -1    0.500    0.000    2.000   10.000    0.000     -1     -1     -1
 cris-fsr_npp           78  -1    1.000    0.000    2.000   10.000    0.000     -1     -1     -1
 cris-fsr_npp           79  -1    0.500    0.000    2.000   10.000    0.000      1     -1     -1
 cris-fsr_npp           80  -1    0.600    0.000    2.000   10.000    0.000     -1     -1     -1
 cris-fsr_npp           81  -1    0.500    0.000    2.000   10.000    0.000     -1     -1     -1
 cris-fsr_npp           82  -1    1.000    0.000    2.000   10.000    0.000     -1     -1     -1
 cris-fsr_npp           83  -1    0.500    0.000    2.000   10.000    0.000      1     -1     -1
 cris-fsr_npp           84  -1    1.000    0.000    2.000   10.000    0.000     -1     -1     -1
 cris-fsr_npp           85  -1    0.500    0.000    2.000   10.000    0.000     -1     -1     -1
 cris-fsr_npp           86  -1    1.000    0.000    2.000   10.000    0.000     -1     -1     -1
 cris-fsr_npp           87  -1    0.500    0.000    2.000   10.000    0.000      1     -1     -1
 cris-fsr_npp           88  -1    0.600    0.000    2.000   10.000    0.000     -1     -1     -1
 cris-fsr_npp           89  -1    0.500    0.000    2.000   10.000    0.000     -1     -1     -1
 cris-fsr_npp           90  -1    1.000    0.000    2.000   10.000    0.000     -1     -1     -1
 cris-fsr_npp           91  -1    0.450    0.000    2.000   10.000    0.000      1     -1     -1
 cris-fsr_npp           92  -1    1.000    0.000    2.000   10.000    0.000     -1     -1     -1
 cris-fsr_npp           93  -1    0.450    0.000    2.000   10.000    0.000     -1     -1     -1
 cris-fsr_npp           94  -1    1.000    0.000    2.000   10.000    0.000     -1     -1     -1
 cris-fsr_npp           95  -1    0.450    0.000    2.000   10.000    0.000      1     -1     -1
 cris-fsr_npp           96  -1    0.635    0.000    2.000   10.000    0.000     -1     -1     -1
 cris-fsr_npp           97  -1    0.450    0.000    2.000   10.000    0.000     -1     -1     -1
 cris-fsr_npp           98  -1    1.000    0.000    2.000   10.000    0.000     -1     -1     -1
 cris-fsr_npp           99  -1    0.450    0.000    2.000   10.000    0.000      1     -1     -1
 cris-fsr_npp          100  -1    1.000    0.000    2.000   10.000    0.000     -1     -1     -1
 cris-fsr_npp          101  -1    0.450    0.000    2.000   10.000    0.000     -1     -1     -1
 cris-fsr_npp          102  -1    0.735    0.000    2.000   10.000    0.000     -1     -1     -1
 cris-fsr_npp          103  -1    0.450    0.000    2.000   10.000    0.000      1     -1     -1
 cris-fsr_npp          104  -1    0.878    0.000    2.000   10.000    0.000     -1     -1     -1
 cris-fsr_npp          105  -1    0.450    0.000    2.000   10.000    0.000     -1     -1     -1
 cris-fsr_npp          106  -1    0.696    0.000    2.000   10.000    0.000     -1     -1     -1
 cris-fsr_npp          107  -1    0.400    0.000    2.000   10.000    0.000      1     -1     -1
 cris-fsr_npp          108  -1    2.000    0.000    2.000   10.000    0.000     -1     -1     -1
 cris-fsr_npp          109  -1    0.400    0.000    2.000   10.000    0.000     -1     -1     -1
 cris-fsr_npp          110  -1    1.000    0.000    2.000   10.000    0.000     -1     -1     -1
 cris-fsr_npp          111  -1    0.400    0.000    2.000   10.000    0.000      1     -1     -1
 cris-fsr_npp          112  -1    1.000    0.000    2.000   10.000    0.000     -1     -1     -1
 cris-fsr_npp          113  -1    0.400    0.000    2.000   10.000    0.000     -1     -1     -1
 cris-fsr_npp          114  -1    1.000    0.000    2.000   10.000    0.000     -1     -1     -1
 cris-fsr_npp          115  -1    0.400    0.000    2.000   10.000    0.000      1     -1     -1
 cris-fsr_npp          116  -1    0.600    0.000    2.000   10.000    0.000     -1     -1     -1
 cris-fsr_npp          117  -1    0.350    0.000    2.000   10.000    0.000     -1     -1     -1
 cris-fsr_npp          118  -1    1.000    0.000    2.000   10.000    0.000     -1     -1     -1
 cris-fsr_npp          119  -1    0.350    0.000    2.000   10.000    0.000      1     -1     -1
 cris-fsr_npp          120  -1    0.701    0.000    2.000   10.000    0.000     -1     -1     -1
 cris-fsr_npp          121  -1    0.350    0.000    2.000   10.000    0.000     -1     -1     -1
 cris-fsr_npp          122  -1    1.000    0.000    2.000   10.000    0.000     -1     -1     -1
 cris-fsr_npp          123  -1    0.350    0.000    2.000   10.000    0.000      1     -1     -1
 cris-fsr_npp          124  -1    0.600    0.000    2.000   10.000    0.000     -1     -1     -1
 cris-fsr_npp          125  -1    0.350    0.000    2.000   10.000    0.000     -1     -1     -1
 cris-fsr_npp          126  -1    0.663    0.000    2.000   10.000    0.000     -1     -1     -1
 cris-fsr_npp          127  -1    0.350    0.000    2.000   10.000    0.000      1     -1     -1
 cris-fsr_npp          128  -1    1.000    0.000    2.000   10.000    0.000     -1     -1     -1
 cris-fsr_npp          129  -1    0.350    0.000    2.000   10.000    0.000     -1     -1     -1
 cris-fsr_npp          130  -1    1.083    0.000    2.000   10.000    0.000     -1     -1     -1
 cris-fsr_npp          131  -1    0.350    0.000    2.000   10.000    0.000      1     -1     -1
 cris-fsr_npp          132  -1    0.600    0.000    2.000   10.000    0.000     -1     -1     -1
 cris-fsr_npp          133  -1    0.350    0.000    2.000   10.000    0.000     -1     -1     -1
 cris-fsr_npp          134  -1    1.000    0.000    2.000   10.000    0.000     -1     -1     -1
 cris-fsr_npp          135  -1    0.350    0.000    2.000   10.000    0.000      1     -1     -1
 cris-fsr_npp          136  -1    0.600    0.000    2.000   10.000    0.000     -1     -1     -1
 cris-fsr_npp          137  -1    0.350    0.000    2.000   10.000    0.000     -1     -1     -1
 cris-fsr_npp          138  -1    0.600    0.000    2.000   10.000    0.000     -1     -1     -1
 cris-fsr_npp          139  -1    0.350    0.000    2.000   10.000    0.000      1     -1     -1
 cris-fsr_npp          140  -1    1.000    0.000    2.000   10.000    0.000     -1     -1     -1
 cris-fsr_npp          141  -1    0.300    0.000    2.000   10.000    0.000     -1     -1     -1
 cris-fsr_npp          142  -1    0.600    0.000    2.000   10.000    0.000     -1     -1     -1
 cris-fsr_npp          143  -1    0.300    0.000    2.000   10.000    0.000      1     -1     -1
 cris-fsr_npp          144  -1    0.600    0.000    2.000   10.000    0.000     -1     -1     -1
 cris-fsr_npp          145  -1    0.300    0.000    2.000   10.000    0.000     -1     -1     -1
 cris-fsr_npp          146  -1    1.000    0.000    2.000   10.000    0.000     -1     -1     -1
 cris-fsr_npp          147  -1    0.300    0.000    2.000   10.000    0.000      1     -1     -1
 cris-fsr_npp          148  -1    0.600    0.000    2.000   10.000    0.000     -1     -1     -1
 cris-fsr_npp          149  -1    0.300    0.000    2.000   10.000    0.000     -1     -1     -1
 cris-fsr_npp          150  -1    0.600    0.000    2.000   10.000    0.000     -1     -1     -1
 cris-fsr_npp          151  -1    0.300    0.000    2.000   10.000    0.000      1     -1     -1
 cris-fsr_npp          152  -1    1.000    0.000    2.000   10.000    0.000     -1     -1     -1
 cris-fsr_npp          153  -1    0.300    0.000    2.000   10.000    0.000     -1     -1     -1
 cris-fsr_npp          154  -1    0.600    0.000    2.000   10.000    0.000     -1     -1     -1
 cris-fsr_npp          155  -1    0.300    0.000    2.000   10.000    0.000      1     -1     -1
 cris-fsr_npp          156  -1    1.000    0.000    2.000   10.000    0.000     -1     -1     -1
 cris-fsr_npp          157  -1    0.300    0.000    2.000   10.000    0.000     -1     -1     -1
 cris-fsr_npp          158  -1    0.773    0.000    2.000   10.000    0.000     -1     -1     -1
 cris-fsr_npp          159  -1    0.300    0.000    2.000   10.000    0.000      1     -1     -1
 cris-fsr_npp          160  -1    0.600    0.000    2.000   10.000    0.000     -1     -1     -1
 cris-fsr_npp          161  -1    0.600    0.000    2.000   10.000    0.000     -1     -1     -1
 cris-fsr_npp          162  -1    0.600    0.000    2.000   10.000    0.000     -1     -1     -1
 cris-fsr_npp          163  -1    0.300    0.000    2.000   10.000    0.000      1     -1     -1
 cris-fsr_npp          164  -1    0.813    0.000    2.000   10.000    0.000     -1     -1     -1
 cris-fsr_npp          165  -1    0.907    0.000    2.000   10.000    0.000     -1     -1     -1
 cris-fsr_npp          166  -1    0.802    0.000    2.000   10.000    0.000     -1     -1     -1
 cris-fsr_npp          167  -1    0.300    0.000    2.000   10.000    0.000      1     -1     -1
 cris-fsr_npp          168  -1    1.493    0.000    2.000   10.000    0.000     -1     -1     -1
 cris-fsr_npp          169  -1    1.000    0.000    2.000   10.000    0.000     -1     -1     -1
 cris-fsr_npp          170  -1    0.856    0.000    2.000   10.000    0.000     -1     -1     -1
 cris-fsr_npp          171  -1    0.300    0.000    2.000   10.000    0.000      1     -1     -1
 cris-fsr_npp          172  -1    1.000    0.000    2.000   10.000    0.000     -1     -1     -1
 cris-fsr_npp          173  -1    0.600    0.000    2.000   10.000    0.000     -1     -1     -1
 cris-fsr_npp          174  -1    1.000    0.000    2.000   10.000    0.000     -1     -1     -1
 cris-fsr_npp          175  -1    0.300    0.000    2.000   10.000    0.000      1     -1     -1
 cris-fsr_npp          176  -1    1.000    0.000    2.000   10.000    0.000     -1     -1     -1
 cris-fsr_npp          177  -1    1.000    0.000    2.000   10.000    0.000     -1     -1     -1
 cris-fsr_npp          178  -1    1.000    0.000    2.000   10.000    0.000     -1     -1     -1
 cris-fsr_npp          179  -1    0.300    0.000    2.000   10.000    0.000      1     -1     -1
 cris-fsr_npp          180  -1    1.000    0.000    2.000   10.000    0.000     -1     -1     -1
 cris-fsr_npp          181  -1    1.000    0.000    2.000   10.000    0.000     -1     -1     -1
 cris-fsr_npp          182  -1    1.000    0.000    2.000   10.000    0.000     -1     -1     -1
 cris-fsr_npp          183  -1    0.300    0.000    2.000   10.000    0.000      1     -1     -1
 cris-fsr_npp          184  -1    1.000    0.000    2.000   10.000    0.000     -1     -1     -1
 cris-fsr_npp          185  -1    1.000    0.000    2.000   10.000    0.000     -1     -1     -1
 cris-fsr_npp          186  -1    1.000    0.000    2.000   10.000    0.000     -1     -1     -1
 cris-fsr_npp          187  -1    0.300    0.000    2.000   10.000    0.000      1     -1     -1
 cris-fsr_npp          188  -1    1.000    0.000    2.000   10.000    0.000     -1     -1     -1
 cris-fsr_npp          189  -1    1.000    0.000    2.000   10.000    0.000     -1     -1     -1
 cris-fsr_npp          190  -1    0.300    0.000    2.000   10.000    0.000      1     -1     -1
 cris-fsr_npp          191  -1    1.000    0.000    2.000   10.000    0.000     -1     -1     -1
 cris-fsr_npp          192  -1    1.000    0.000    2.000   10.000    0.000     -1     -1     -1
 cris-fsr_npp          193  -1    1.000    0.000    2.000   10.000    0.000     -1     -1     -1
 cris-fsr_npp          194  -1    0.300    0.000    2.000   10.000    0.000      1     -1     -1
 cris-fsr_npp          195  -1    1.000    0.000    2.000   10.000    0.000     -1     -1     -1
 cris-fsr_npp          196  -1    1.000    0.000    2.000   10.000    0.000     -1     -1     -1
 cris-fsr_npp          197  -1    0.300    0.000    2.000   10.000    0.000      1     -1     -1
 cris-fsr_npp          198  -1    2.000    0.000    2.000   10.000    0.000     -1     -1     -1
 cris-fsr_npp          199  -1    1.000    0.000    2.000   10.000    0.000     -1     -1     -1
 cris-fsr_npp          200  -1    0.300    0.000    2.000   10.000    0.000      1     -1     -1
 cris-fsr_npp          208  -1    1.000    0.000    2.000   10.000    0.000     -1     -1     -1
 cris-fsr_npp          211  -1    0.300    0.000    2.000   10.000    0.000      1     -1     -1
 cris-fsr_npp          216  -1    1.000    0.000    2.000   10.000    0.000     -1     -1     -1
 cris-fsr_npp          224  -1    0.300    0.000    2.000   10.000    0.000      1     -1     -1
 cris-fsr_npp          234  -1    1.000    0.000    2.000   10.000    0.000     -1     -1     -1
 cris-fsr_npp          236  -1    1.000    0.000    2.000   10.000    0.000     -1     -1     -1
 cris-fsr_npp          238  -1    1.000    0.000    2.000   10.000    0.000     -1     -1     -1
 cris-fsr_npp          239  -1    1.000    0.000    2.000   10.000    0.000     -1     -1     -1
 cris-fsr_npp          242  -1    1.000    0.000    2.000   10.000    0.000     -1     -1     -1
 cris-fsr_npp          246  -1    1.000    0.000    2.000   10.000    0.000     -1     -1     -1
 cris-fsr_npp          248  -1    1.000    0.000    2.000   10.000    0.000     -1     -1     -1
 cris-fsr_npp          255  -1    1.000    0.000    2.000   10.000    0.000     -1     -1     -1
 cris-fsr_npp          264  -1    1.000    0.000    2.000   10.000    0.000     -1     -1     -1
 cris-fsr_npp          266  -1    1.000    0.000    2.000   10.000    0.000     -1     -1     -1
 cris-fsr_npp          268  -1    1.000    0.000    2.000   10.000    0.000     -1     -1     -1
 cris-fsr_npp          275  -1    1.000    0.000    2.000   10.000    0.000     -1     -1     -1
 cris-fsr_npp          279  -1    0.300    0.000    2.000   10.000    0.000      1     -1     -1
 cris-fsr_npp          283  -1    1.000    0.000    2.000   10.000    0.000     -1     -1     -1
 cris-fsr_npp          285  -1    1.000    0.000    2.000   10.000    0.000     -1     -1     -1
 cris-fsr_npp          291  -1    0.300    0.000    2.000   10.000    0.000     -1     -1     -1
 cris-fsr_npp          295  -1    1.000    0.000    2.000   10.000    0.000     -1     -1     -1
 cris-fsr_npp          301  -1    1.000    0.000    2.000   10.000    0.000     -1     -1     -1
 cris-fsr_npp          305  -1    1.000    0.000    2.000   10.000    0.000     -1     -1     -1
 cris-fsr_npp          311  -1    0.300    0.000    2.000   10.000    0.000      1     -1     -1
 cris-fsr_npp          332  -1    0.300    0.000    2.000   10.000    0.000     -1     -1     -1
 cris-fsr_npp          342  -1    0.300    0.000    2.000   10.000    0.000      1     -1     -1
 cris-fsr_npp          389  -1    0.500    0.000    2.000   10.000    0.000      1     -1     -1
 cris-fsr_npp          400  -1    1.000    0.000    2.000   10.000    0.000     -1     -1     -1
 cris-fsr_npp          402  -1    1.000    0.000    2.000   10.000    0.000     -1     -1     -1
 cris-fsr_npp          404  -1    2.000    0.000    2.000   10.000    0.000     -1     -1     -1
 cris-fsr_npp          406  -1    1.000    0.000    2.000   10.000    0.000     -1     -1     -1
 cris-fsr_npp          410  -1    0.500    0.000    2.000   10.000    0.000      1     -1     -1
 cris-fsr_npp          427  -1    0.500    0.000    2.000   10.000    0.000      1     -1     -1
 cris-fsr_npp          439  -1    1.000    0.000    2.000   10.000    0.000     -1     -1     -1
 cris-fsr_npp          440  -1    1.000    0.000    2.000   10.000    0.000     -1     -1     -1
 cris-fsr_npp          441  -1    1.000    0.000    2.000   10.000    0.000     -1     -1     -1
 cris-fsr_npp          445  -1    1.000    0.000    2.000   10.000    0.000     -1     -1     -1
 cris-fsr_npp          449  -1    1.000    0.000    2.000   10.000    0.000     -1     -1     -1
 cris-fsr_npp          455  -1    1.000    0.000    2.000   10.000    0.000     -1     -1     -1
 cris-fsr_npp          458  -1    1.000    0.000    2.000   10.000    0.000     -1     -1     -1
 cris-fsr_npp          461  -1    1.000    0.000    2.000   10.000    0.000     -1     -1     -1
 cris-fsr_npp          464  -1    1.000    0.000    2.000   10.000    0.000      1     -1     -1
 cris-fsr_npp          467  -1    1.000    0.000    2.000   10.000    0.000     -1     -1     -1
 cris-fsr_npp          470  -1    1.000    0.000    2.000   10.000    0.000     -1     -1     -1
 cris-fsr_npp          473  -1    1.000    0.000    2.000   10.000    0.000     -1     -1     -1
 cris-fsr_npp          475  -1    1.000    0.000    2.000   10.000    0.000     -1     -1     -1
 cris-fsr_npp          482  -1    0.500    0.000    2.000   10.000    0.000      1     -1     -1
 cris-fsr_npp          486  -1    1.000    0.000    2.000   10.000    0.000     -1     -1     -1
 cris-fsr_npp          487  -1    1.000    0.000    2.000   10.000    0.000     -1     -1     -1
 cris-fsr_npp          490  -1    1.000    0.000    2.000   10.000    0.000     -1     -1     -1
 cris-fsr_npp          493  -1    1.000    0.000    2.000   10.000    0.000     -1     -1     -1
 cris-fsr_npp          496  -1    1.000    0.000    2.000   10.000    0.000     -1     -1     -1
 cris-fsr_npp          499  -1    1.000    0.000    2.000   10.000    0.000     -1     -1     -1
 cris-fsr_npp          501  -1    0.500    0.000    2.000   10.000    0.000      1     -1     -1
 cris-fsr_npp          503  -1    1.000    0.000    2.000   10.000    0.000     -1     -1     -1
 cris-fsr_npp          505  -1    1.000    0.000    2.000   10.000    0.000     -1     -1     -1
 cris-fsr_npp          511  -1    1.000    0.000    2.000   10.000    0.000     -1     -1     -1
 cris-fsr_npp          513  -1    1.000    0.000    2.000   10.000    0.000     -1     -1     -1
 cris-fsr_npp          514  -1    1.000    0.000    2.000   10.000    0.000     -1     -1     -1
 cris-fsr_npp          518  -1    1.000    0.000    2.000   10.000    0.000     -1     -1     -1
 cris-fsr_npp          519  -1    1.000    0.000    2.000   10.000    0.000     -1     -1     -1
 cris-fsr_npp          520  -1    1.000    0.000    2.000   10.000    0.000     -1     -1     -1
 cris-fsr_npp          522  -1    1.000    0.000    2.000   10.000    0.000     -1     -1     -1
 cris-fsr_npp          529  -1    0.500    0.000    2.000   10.000    0.000      1     -1     -1
 cris-fsr_npp          534  -1    1.000    0.000    2.000   10.000    0.000     -1     -1     -1
 cris-fsr_npp          563  -1    1.000    0.000    2.000   10.000    0.000     -1     -1     -1
 cris-fsr_npp          568  -1    1.000    0.000    2.000   10.000    0.000     -1     -1     -1
 cris-fsr_npp          575  -1    1.000    0.000    2.000   10.000    0.000     -1     -1     -1
 cris-fsr_npp          592  -1    1.000    0.000    2.000   10.000    0.000     -1     -1     -1
 cris-fsr_npp          594  -1    1.000    0.000    2.000   10.000    0.000     -1     -1     -1
 cris-fsr_npp          596  -1    1.000    0.000    2.000   10.000    0.000     -1     -1     -1
 cris-fsr_npp          598  -1    1.000    0.000    2.000   10.000    0.000     -1     -1     -1
 cris-fsr_npp          600  -1    1.000    0.000    2.000   10.000    0.000     -1     -1     -1
 cris-fsr_npp          602  -1    1.000    0.000    2.000   10.000    0.000     -1     -1     -1
 cris-fsr_npp          604  -1    1.000    0.000    2.000   10.000    0.000     -1     -1     -1
 cris-fsr_npp          611  -1    1.000    0.000    2.000   10.000    0.000     -1     -1     -1
 cris-fsr_npp          614  -1    1.000    0.000    2.000   10.000    0.000     -1     -1     -1
 cris-fsr_npp          616  -1    1.000    0.000    2.000   10.000    0.000     -1     -1     -1
 cris-fsr_npp          618  -1    1.000    0.000    2.000   10.000    0.000     -1     -1     -1
 cris-fsr_npp          620  -1    1.000    0.000    2.000   10.000    0.000     -1     -1     -1
 cris-fsr_npp          622  -1    1.000    0.000    2.000   10.000    0.000     -1     -1     -1
 cris-fsr_npp          626  -1    1.000    0.000    2.000   10.000    0.000     -1     -1     -1
 cris-fsr_npp          631  -1    1.000    0.000    2.000   10.000    0.000     -1     -1     -1
 cris-fsr_npp          638  -1    1.000    0.000    2.000   10.000    0.000     -1     -1     -1
 cris-fsr_npp          646  -1    1.000    0.000    2.000   10.000    0.000     -1     -1     -1
 cris-fsr_npp          648  -1    1.000    0.000    2.000   10.000    0.000     -1     -1     -1
 cris-fsr_npp          652  -1    1.000    0.000    2.000   10.000    0.000     -1     -1     -1
 cris-fsr_npp          659  -1    1.000    0.000    2.000   10.000    0.000     -1     -1     -1
 cris-fsr_npp          673  -1    1.000    0.000    2.000   10.000    0.000     -1     -1     -1
 cris-fsr_npp          675  -1    1.000    0.000    2.000   10.000    0.000     -1     -1     -1
 cris-fsr_npp          678  -1    1.000    0.000    2.000   10.000    0.000     -1     -1     -1
 cris-fsr_npp          684  -1    1.000    0.000    2.000   10.000    0.000     -1     -1     -1
 cris-fsr_npp          688  -1    1.000    0.000    2.000   10.000    0.000     -1     -1     -1
 cris-fsr_npp          694  -1    1.000    0.000    2.000   10.000    0.000     -1     -1     -1
 cris-fsr_npp          700  -1    1.000    0.000    2.000   10.000    0.000     -1     -1     -1
 cris-fsr_npp          707  -1    1.000    0.000    2.000   10.000    0.000     -1     -1     -1
 cris-fsr_npp          710  -1    0.500    0.000    2.000   10.000    0.000      1     -1     -1
 cris-fsr_npp          713  -1    0.500    0.000    2.000   10.000    0.000      1     -1     -1
 cris-fsr_npp          714  -1    1.000    0.000    2.000   10.000    0.000     -1     -1     -1
 cris-fsr_npp          718  -1    1.000    0.000    2.000   10.000    0.000     -1     -1     -1
 cris-fsr_npp          720  -1    1.000    0.000    2.000   10.000    0.000     -1     -1     -1
 cris-fsr_npp          722  -1    1.000    0.000    2.000   10.000    0.000     -1     -1     -1
 cris-fsr_npp          725  -1    1.000    0.000    2.000   10.000    0.000     -1     -1     -1
 cris-fsr_npp          728  -1    1.000    0.000    2.000   10.000    0.000     -1     -1     -1
 cris-fsr_npp          735  -1    1.000    0.000    2.000   10.000    0.000     -1     -1     -1
 cris-fsr_npp          742  -1    0.500    0.000    2.000   10.000    0.000     -1     -1     -1
 cris-fsr_npp          748  -1    1.000    0.000    2.000   10.000    0.000     -1     -1     -1
 cris-fsr_npp          753  -1    1.000    0.000    2.000   10.000    0.000     -1     -1     -1
 cris-fsr_npp          762  -1    1.000    0.000    2.000   10.000    0.000     -1     -1     -1
 cris-fsr_npp          780  -1    1.000    0.000    2.000   10.000    0.000     -1     -1     -1
 cris-fsr_npp          784  -1    1.000    0.000    2.000   10.000    0.000     -1     -1     -1
 cris-fsr_npp          798  -1    1.000    0.000    2.000   10.000    0.000     -1     -1     -1
 cris-fsr_npp          849  -1    1.000    0.000    2.000   10.000    0.000     -1     -1     -1
 cris-fsr_npp          860  -1    1.000    0.000    2.000   10.000    0.000     -1     -1     -1
 cris-fsr_npp          862  -1    1.000    0.000    2.000   10.000    0.000     -1     -1     -1
 cris-fsr_npp          866  -1    1.000    0.000    2.000   10.000    0.000     -1     -1     -1
 cris-fsr_npp          874  -1    1.000    0.000    2.000   10.000    0.000     -1     -1     -1
 cris-fsr_npp          882  -1    1.000    0.000    2.000   10.000    0.000     -1     -1     -1
 cris-fsr_npp          890  -1    1.000    0.000    2.000   10.000    0.000     -1     -1     -1
 cris-fsr_npp          898  -1    1.000    0.000    2.000   10.000    0.000     -1     -1     -1
 cris-fsr_npp          906  -1    1.000    0.000    2.000   10.000    0.000     -1     -1     -1
 cris-fsr_npp          907  -1    1.000    0.000    2.000   10.000    0.000     -1     -1     -1
 cris-fsr_npp          908  -1    1.000    0.000    2.000   10.000    0.000     -1     -1     -1
 cris-fsr_npp          914  -1    1.000    0.000    2.000   10.000    0.000     -1     -1     -1
 cris-fsr_npp          937  -1    1.000    0.000    2.000   10.000    0.000     -1     -1     -1
 cris-fsr_npp          972  -1    1.000    0.000    2.000   10.000    0.000     -1     -1     -1
 cris-fsr_npp          973  -1    1.000    0.000    2.000   10.000    0.000     -1     -1     -1
 cris-fsr_npp          978  -1    1.000    0.000    2.000   10.000    0.000     -1     -1     -1
 cris-fsr_npp          980  -1    1.000    0.000    2.000   10.000    0.000     -1     -1     -1
 cris-fsr_npp          981  -1    1.000    0.000    2.000   10.000    0.000     -1     -1     -1
 cris-fsr_npp          988  -1    1.000    0.000    2.000   10.000    0.000     -1     -1     -1
 cris-fsr_npp          995  -1    1.000    0.000    2.000   10.000    0.000     -1     -1     -1
 cris-fsr_npp          998  -1    1.000    0.000    2.000   10.000    0.000     -1     -1     -1
 cris-fsr_npp         1000  -1    1.000    0.000    2.000   10.000    0.000     -1     -1     -1
 cris-fsr_npp         1003  -1    1.000    0.000    2.000   10.000    0.000     -1     -1     -1
 cris-fsr_npp         1008  -1    1.000    0.000    2.000   10.000    0.000     -1     -1     -1
 cris-fsr_npp         1009  -1    1.000    0.000    2.000   10.000    0.000     -1     -1     -1
 cris-fsr_npp         1010  -1    1.000    0.000    2.000   10.000    0.000     -1     -1     -1
 cris-fsr_npp         1014  -1    1.000    0.000    2.000   10.000    0.000     -1     -1     -1
 cris-fsr_npp         1017  -1    1.000    0.000    2.000   10.000    0.000     -1     -1     -1
 cris-fsr_npp         1018  -1    1.000    0.000    2.000   10.000    0.000     -1     -1     -1
 cris-fsr_npp         1020  -1    1.000    0.000    2.000   10.000    0.000     -1     -1     -1
 cris-fsr_npp         1022  -1    1.000    0.000    2.000   10.000    0.000     -1     -1     -1
 cris-fsr_npp         1024  -1    1.000    0.000    2.000   10.000    0.000     -1     -1     -1
 cris-fsr_npp         1026  -1    1.000    0.000    2.000   10.000    0.000     -1     -1     -1
 cris-fsr_npp         1029  -1    1.000    0.000    2.000   10.000    0.000     -1     -1     -1
 cris-fsr_npp         1030  -1    1.000    0.000    2.000   10.000    0.000     -1     -1     -1
 cris-fsr_npp         1032  -1    1.000    0.000    2.000   10.000    0.000     -1     -1     -1
 cris-fsr_npp         1034  -1    1.000    0.000    2.000   10.000    0.000     -1     -1     -1
 cris-fsr_npp         1037  -1    1.000    0.000    2.000   10.000    0.000     -1     -1     -1
 cris-fsr_npp         1038  -1    1.000    0.000    2.000   10.000    0.000     -1     -1     -1
 cris-fsr_npp         1041  -1    1.000    0.000    2.000   10.000    0.000     -1     -1     -1
 cris-fsr_npp         1042  -1    1.000    0.000    2.000   10.000    0.000     -1     -1     -1
 cris-fsr_npp         1044  -1    1.000    0.000    2.000   10.000    0.000     -1     -1     -1
 cris-fsr_npp         1046  -1    1.000    0.000    2.000   10.000    0.000     -1     -1     -1
 cris-fsr_npp         1049  -1    1.000    0.000    2.000   10.000    0.000     -1     -1     -1
 cris-fsr_npp         1050  -1    1.000    0.000    2.000   10.000    0.000     -1     -1     -1
 cris-fsr_npp         1053  -1    1.000    0.000    2.000   10.000    0.000     -1     -1     -1
 cris-fsr_npp         1054  -1    1.000    0.000    2.000   10.000    0.000     -1     -1     -1
 cris-fsr_npp         1058  -1    1.000    0.000    2.000   10.000    0.000     -1     -1     -1
 cris-fsr_npp         1060  -1    1.000    0.000    2.000   10.000    0.000     -1     -1     -1
 cris-fsr_npp         1062  -1    1.000    0.000    2.000   10.000    0.000     -1     -1     -1
 cris-fsr_npp         1064  -1    1.000    0.000    2.000   10.000    0.000     -1     -1     -1
 cris-fsr_npp         1066  -1    1.000    0.000    2.000   10.000    0.000     -1     -1     -1
 cris-fsr_npp         1069  -1    1.000    0.000    2.000   10.000    0.000     -1     -1     -1
 cris-fsr_npp         1076  -1    1.000    0.000    2.000   10.000    0.000     -1     -1     -1
 cris-fsr_npp         1077  -1    1.000    0.000    2.000   10.000    0.000     -1     -1     -1
 cris-fsr_npp         1080  -1    1.000    0.000    2.000   10.000    0.000     -1     -1     -1
 cris-fsr_npp         1086  -1    1.000    0.000    2.000   10.000    0.000     -1     -1     -1
 cris-fsr_npp         1091  -1    1.000    0.000    2.000   10.000    0.000     -1     -1     -1
 cris-fsr_npp         1095  -1    1.000    0.000    2.000   10.000    0.000     -1     -1     -1
 cris-fsr_npp         1101  -1    1.000    0.000    2.000   10.000    0.000     -1     -1     -1
 cris-fsr_npp         1109  -1    1.000    0.000    2.000   10.000    0.000     -1     -1     -1
 cris-fsr_npp         1112  -1    1.000    0.000    2.000   10.000    0.000     -1     -1     -1
 cris-fsr_npp         1121  -1    1.000    0.000    2.000   10.000    0.000     -1     -1     -1
 cris-fsr_npp         1128  -1    1.000    0.000    2.000   10.000    0.000     -1     -1     -1
 cris-fsr_npp         1133  -1    1.000    0.000    2.000   10.000    0.000     -1     -1     -1
 cris-fsr_npp         1163  -1    1.000    0.000    2.000   10.000    0.000     -1     -1     -1
 cris-fsr_npp         1172  -1    1.000    0.000    2.000   10.000    0.000     -1     -1     -1
 cris-fsr_npp         1187  -1    1.000    0.000    2.000   10.000    0.000     -1     -1     -1
 cris-fsr_npp         1189  -1    1.000    0.000    2.000   10.000    0.000     -1     -1     -1
 cris-fsr_npp         1205  -1    1.000    0.000    2.000   10.000    0.000     -1     -1     -1
 cris-fsr_npp         1211  -1    1.000    0.000    2.000   10.000    0.000     -1     -1     -1
 cris-fsr_npp         1219  -1    1.000    0.000    2.000   10.000    0.000     -1     -1     -1
 cris-fsr_npp         1231  -1    1.000    0.000    2.000   10.000    0.000     -1     -1     -1
 cris-fsr_npp         1245  -1    1.000    0.000    2.000   10.000    0.000     -1     -1     -1
 cris-fsr_npp         1271  -1    1.000    0.000    2.000   10.000    0.000     -1     -1     -1
 cris-fsr_npp         1289  -1    1.000    0.000    2.000   10.000    0.000     -1     -1     -1
 cris-fsr_npp         1300  -1    1.000    0.000    2.000   10.000    0.000     -1     -1     -1
 cris-fsr_npp         1313  -1    1.000    0.000    2.000   10.000    0.000     -1     -1     -1
 cris-fsr_npp         1316  -1    1.000    0.000    2.000   10.000    0.000     -1     -1     -1
 cris-fsr_npp         1325  -1    1.000    0.000    2.000   10.000    0.000     -1     -1     -1
 cris-fsr_npp         1329  -1    1.000    0.000    2.000   10.000    0.000     -1     -1     -1
 cris-fsr_npp         1346  -1    1.000    0.000    2.000   10.000    0.000     -1     -1     -1
 cris-fsr_npp         1347  -1    1.000    0.000    2.000   10.000    0.000     -1     -1     -1
 cris-fsr_npp         1473  -1    1.000    0.000    2.000   10.000    0.000     -1     -1     -1
 cris-fsr_npp         1474  -1    1.000    0.000    2.000   10.000    0.000     -1     -1     -1
 cris-fsr_npp         1491  -1    1.000    0.000    2.000   10.000    0.000     -1     -1     -1
 cris-fsr_npp         1499  -1    1.000    0.000    2.000   10.000    0.000     -1     -1     -1
 cris-fsr_npp         1553  -1    1.000    0.000    2.000   10.000    0.000     -1     -1     -1
 cris-fsr_npp         1570  -1    1.000    0.000    2.000   10.000    0.000     -1     -1     -1
 cris-fsr_npp         1596  -1    1.000    0.000    2.000   10.000    0.000     -1     -1     -1
 cris-fsr_npp         1602  -1    1.000    0.000    2.000   10.000    0.000     -1     -1     -1
 cris-fsr_npp         1619  -1    1.000    0.000    2.000   10.000    0.000     -1     -1     -1
 cris-fsr_npp         1624  -1    1.000    0.000    2.000   10.000    0.000     -1     -1     -1
 cris-fsr_npp         1635  -1    1.000    0.000    2.000   10.000    0.000     -1     -1     -1
 cris-fsr_npp         1939  -1    1.000    0.000    2.000   10.000    0.000     -1     -1     -1
 cris-fsr_npp         1940  -1    1.000    0.000    2.000   10.000    0.000     -1     -1     -1
 cris-fsr_npp         1941  -1    1.000    0.000    2.000   10.000    0.000     -1     -1     -1
 cris-fsr_npp         1942  -1    1.000    0.000    2.000   10.000    0.000     -1     -1     -1
 cris-fsr_npp         1943  -1    1.000    0.000    2.000   10.000    0.000     -1     -1     -1
 cris-fsr_npp         1944  -1    1.000    0.000    2.000   10.000    0.000     -1     -1     -1
 cris-fsr_npp         1945  -1    1.000    0.000    2.000   10.000    0.000     -1     -1     -1
 cris-fsr_npp         1946  -1    1.000    0.000    2.000   10.000    0.000     -1     -1     -1
 cris-fsr_npp         1947  -1    1.000    0.000    2.000   10.000    0.000     -1     -1     -1
 cris-fsr_npp         1948  -1    1.000    0.000    2.000   10.000    0.000     -1     -1     -1
 cris-fsr_npp         1949  -1    1.000    0.000    2.000   10.000    0.000     -1     -1     -1
 cris-fsr_npp         1950  -1    1.000    0.000    2.000   10.000    0.000     -1     -1     -1
 cris-fsr_npp         1951  -1    1.000    0.000    2.000   10.000    0.000     -1     -1     -1
 cris-fsr_npp         1952  -1    1.000    0.000    2.000   10.000    0.000     -1     -1     -1
 cris-fsr_npp         1953  -1    1.000    0.000    2.000   10.000    0.000     -1     -1     -1
 cris-fsr_npp         1954  -1    1.000    0.000    2.000   10.000    0.000     -1     -1     -1
 cris-fsr_npp         1955  -1    1.000    0.000    2.000   10.000    0.000     -1     -1     -1
 cris-fsr_npp         1956  -1    1.000    0.000    2.000   10.000    0.000     -1     -1     -1
 cris-fsr_npp         1957  -1    1.000    0.000    2.000   10.000    0.000     -1     -1     -1
 cris-fsr_npp         1958  -1    1.000    0.000    2.000   10.000    0.000     -1     -1     -1
 cris-fsr_npp         1959  -1    1.000    0.000    2.000   10.000    0.000     -1     -1     -1
 cris-fsr_npp         1960  -1    1.000    0.000    2.000   10.000    0.000     -1     -1     -1
 cris-fsr_npp         1961  -1    1.000    0.000    2.000   10.000    0.000     -1     -1     -1
 cris-fsr_npp         1962  -1    1.000    0.000    2.000   10.000    0.000     -1     -1     -1
 cris-fsr_npp         1963  -1    1.000    0.000    2.000   10.000    0.000     -1     -1     -1
 cris-fsr_npp         1964  -1    1.000    0.000    2.000   10.000    0.000     -1     -1     -1
 cris-fsr_npp         1965  -1    1.000    0.000    2.000   10.000    0.000     -1     -1     -1
 cris-fsr_npp         1966  -1    1.000    0.000    2.000   10.000    0.000     -1     -1     -1
 cris-fsr_npp         1967  -1    1.000    0.000    2.000   10.000    0.000     -1     -1     -1
 cris-fsr_npp         1968  -1    1.000    0.000    2.000   10.000    0.000     -1     -1     -1
 cris-fsr_npp         1969  -1    1.000    0.000    2.000   10.000    0.000     -1     -1     -1
 cris-fsr_npp         1970  -1    1.000    0.000    2.000   10.000    0.000     -1     -1     -1
 cris-fsr_npp         1971  -1    1.000    0.000    2.000   10.000    0.000     -1     -1     -1
 cris-fsr_npp         1972  -1    1.000    0.000    2.000   10.000    0.000     -1     -1     -1
 cris-fsr_npp         1973  -1    1.000    0.000    2.000   10.000    0.000     -1     -1     -1
 cris-fsr_npp         1974  -1    1.000    0.000    2.000   10.000    0.000     -1     -1     -1
 cris-fsr_npp         1975  -1    1.000    0.000    2.000   10.000    0.000     -1     -1     -1
 cris-fsr_npp         1976  -1    1.000    0.000    2.000   10.000    0.000     -1     -1     -1
 cris-fsr_npp         1977  -1    1.000    0.000    2.000   10.000    0.000     -1     -1     -1
 cris-fsr_npp         1978  -1    1.000    0.000    2.000   10.000    0.000     -1     -1     -1
 cris-fsr_npp         1979  -1    1.000    0.000    2.000   10.000    0.000     -1     -1     -1
 cris-fsr_npp         1980  -1    1.000    0.000    2.000   10.000    0.000     -1     -1     -1
 cris-fsr_npp         1981  -1    1.000    0.000    2.000   10.000    0.000     -1     -1     -1
 cris-fsr_npp         1982  -1    1.000    0.000    2.000   10.000    0.000     -1     -1     -1
 cris-fsr_npp         1983  -1    1.000    0.000    2.000   10.000    0.000     -1     -1     -1
 cris-fsr_npp         1984  -1    1.000    0.000    2.000   10.000    0.000     -1     -1     -1
 cris-fsr_npp         1985  -1    1.000    0.000    2.000   10.000    0.000     -1     -1     -1
 cris-fsr_npp         1986  -1    1.000    0.000    2.000   10.000    0.000     -1     -1     -1
 cris-fsr_npp         1987  -1    1.000    0.000    2.000   10.000    0.000     -1     -1     -1
 cris-fsr_npp         2119  -1    1.000    0.000    2.000   10.000    0.000     -1     -1     -1
 cris-fsr_npp         2140  -1    1.000    0.000    2.000   10.000    0.000     -1     -1     -1
 cris-fsr_npp         2143  -1    1.000    0.000    2.000   10.000    0.000     -1     -1     -1
 cris-fsr_npp         2147  -1    1.000    0.000    2.000   10.000    0.000     -1     -1     -1
 cris-fsr_npp         2153  -1    1.000    0.000    2.000   10.000    0.000     -1     -1     -1
 cris-fsr_npp         2158  -1    1.000    0.000    2.000   10.000    0.000     -1     -1     -1
 cris-fsr_npp         2161  -1    1.000    0.000    2.000   10.000    0.000     -1     -1     -1
 cris-fsr_npp         2168  -1    1.000    0.000    2.000   10.000    0.000     -1     -1     -1
 cris-fsr_npp         2171  -1    1.000    0.000    2.000   10.000    0.000     -1     -1     -1
 cris-fsr_npp         2175  -1    1.000    0.000    2.000   10.000    0.000     -1     -1     -1
 cris-fsr_npp         2182  -1    1.000    0.000    2.000   10.000    0.000     -1     -1     -1
 mhs_n18                 1   1    2.500    0.000    6.000   10.000    0.000     -2     -1     -1
 mhs_n18                 2   1    2.500    0.000    6.000   10.000    0.000     -2     -1     -1
 mhs_n18                 3   1    2.500    0.000    6.000   10.000    0.000     -2     -1     -1
 mhs_n18                 4   1    2.000    0.000    6.000   10.000    0.000     -2     -1     -1
 mhs_n18                 5   1    2.000    0.000    6.000   10.000    0.000     -2     -1     -1
 mhs_n19                 1   1    2.500    0.000    6.000   10.000    0.000     -2     -1     -1
 mhs_n19                 2   1    2.500    0.000    6.000   10.000    0.000     -2     -1     -1
 mhs_n19                 3  -1    2.500    0.000    6.000   10.000    0.000     -2     -1     -1
 mhs_n19                 4   1    2.000    0.000    6.000   10.000    0.000     -2     -1     -1
 mhs_n19                 5   1    2.000    0.000    6.000   10.000    0.000     -2     -1     -1
 mhs_metop-b             1   1    2.500    0.000    6.000   10.000    0.000     -2     -1     -1
 mhs_metop-b             2   1    2.500    0.000    6.000   10.000    0.000     -2     -1     -1
 mhs_metop-b             3   1    2.500    0.000    6.000   10.000    0.000     -2     -1     -1
 mhs_metop-b             4   1    2.000    0.000    6.000   10.000    0.000     -2     -1     -1
 mhs_metop-b             5   1    2.000    0.000    6.000   10.000    0.000     -2     -1     -1
